RECLOC,CREATION_DTZ_x,CUSTOMER_ID,LAST_NAME,FIRST_NAME,NATIONALITY,DOB,CONTACT_PH_NUM,CONTACT_EMAIL,DOC_TYPE,DOC_ID,SPECIAL_NAME_CD2,SSR_CODE_CD1,SPECIAL_NAME_CD1,FF_NUM,TierLevel,CREATION_DTZ_y,DEP_KEY,ACTION_CD,COS_CD,SEG_SEQ,SEG_TOTAL,PAX_CNT,CARRIER_CD,FLT_NUM,ORIG_CD,DEST_CD,DEP_DT,DEP_DTML,ARR_DTML,DEP_DTMZ,ARR_DTMZ,DL_Conn,Passenger_Rating
OEEZ78,5/17/2023 5:04,EIV6296,Hughes,Michael,US,1/17/2009,(707) 855-8192,michaelhughes1@example.com,Passport,202274000000.0,,,CHD,,,5/17/2023 5:04,ZZ20240515AMDHYD2223,HL,PremiumEconomyClass,4,4,8,ZZ,2223,AMD,HYD,5/15/2024,5/15/2024 10:52,5/15/2024 19:30,5/15/2024 5:22,5/15/2024 14:00,0,2900
OEEZ78,5/17/2023 5:04,AEY9203,Snyder,Mark,US,7/13/1942,(937) 937-9938,marksnyder2@example.com,Driving License,654760000000.0,,,S65,2716727420.0,Silver,5/17/2023 5:04,ZZ20240515AMDHYD2223,HL,PremiumEconomyClass,4,4,8,ZZ,2223,AMD,HYD,5/15/2024,5/15/2024 10:52,5/15/2024 19:30,5/15/2024 5:22,5/15/2024 14:00,0,4400
OEEZ78,5/17/2023 5:04,UWT0750,Woods,Jamie,US,6/11/1964,(366) 260-1302,jamiewoods3@example.com,Driving License,592689000000.0,,,ADT,7168100926.0,Gold,5/17/2023 5:04,ZZ20240515AMDHYD2223,HL,PremiumEconomyClass,4,4,8,ZZ,2223,AMD,HYD,5/15/2024,5/15/2024 10:52,5/15/2024 19:30,5/15/2024 5:22,5/15/2024 14:00,0,4700
OEEZ78,5/17/2023 5:04,MSU6210,Zuniga,Jesse,CA,6/11/1964,(987) 467-2624,jessezuniga4@example.com,Driving License,592025000000.0,,,ADT,,,5/17/2023 5:04,ZZ20240515AMDHYD2223,HL,PremiumEconomyClass,4,4,8,ZZ,2223,AMD,HYD,5/15/2024,5/15/2024 10:52,5/15/2024 19:30,5/15/2024 5:22,5/15/2024 14:00,0,3100
OEEZ78,5/17/2023 5:04,UZB4925,Vyas,Vidur,IN,7/24/1937,(109) 817-9093,vidurvyas5@example.com,Driving License,138678000000.0,,,S65,5202359964.0,Silver,5/17/2023 5:04,ZZ20240515AMDHYD2223,HL,PremiumEconomyClass,4,4,8,ZZ,2223,AMD,HYD,5/15/2024,5/15/2024 10:52,5/15/2024 19:30,5/15/2024 5:22,5/15/2024 14:00,0,4400
OEEZ78,5/17/2023 5:04,LNF8521,Luthra,Veer,IN,12/7/1959,(966) 457-8446,veerluthra6@example.com,Passport,666530857.0,,,S65,,,5/17/2023 5:04,ZZ20240515AMDHYD2223,HL,PremiumEconomyClass,4,4,8,ZZ,2223,AMD,HYD,5/15/2024,5/15/2024 10:52,5/15/2024 19:30,5/15/2024 5:22,5/15/2024 14:00,0,2900
OEEZ78,5/17/2023 5:04,QEY5980,Haley,Tonya,US,5/20/1998,(867) 742-4576,tonyahaley7@example.com,Driving License,330369000000.0,,,ADT,9517815371.0,Gold,5/17/2023 5:04,ZZ20240515AMDHYD2223,HL,PremiumEconomyClass,4,4,8,ZZ,2223,AMD,HYD,5/15/2024,5/15/2024 10:52,5/15/2024 19:30,5/15/2024 5:22,5/15/2024 14:00,0,4700
OEEZ78,5/17/2023 5:04,GCN4106,Tanner,Lindsey,US,11/25/1985,(432) 163-5631,lindseytanner8@example.com,Govt-Id,8634605425.0,,,ADT,6561898959.0,Gold,5/17/2023 5:04,ZZ20240515AMDHYD2223,HL,PremiumEconomyClass,4,4,8,ZZ,2223,AMD,HYD,5/15/2024,5/15/2024 10:52,5/15/2024 19:30,5/15/2024 5:22,5/15/2024 14:00,0,4700
WBRL78,5/19/2023 18:00,ULD5620,Deshpande,Advik,IN,2/29/1944,(413) 301-7385,advikdeshpande1@example.com,Driving License,714990000000.0,,,S65,,,5/19/2023 18:00,ZZ20240515AMDHYD2223,HL,BusinessClass,3,3,1,ZZ,2223,AMD,HYD,5/15/2024,5/15/2024 10:52,5/15/2024 19:30,5/15/2024 5:22,5/15/2024 14:00,0,1700
JDMQ53,3/17/2024 15:22,ZJV0198,Clark,Crystal,CA,8/20/1985,(972) 595-7307,crystalclark1@example.com,Govt-Id,8180919299.0,NRPS,DEAF,ADT,,,3/17/2024 15:22,ZZ20240515AMDHYD2223,HK,FirstClass,1,4,3,ZZ,2223,AMD,HYD,5/15/2024,5/15/2024 10:52,5/15/2024 19:30,5/15/2024 5:22,5/15/2024 14:00,3,3700
JDMQ53,3/17/2024 15:22,FWB6949,Russell,Richard,CA,12/7/1953,(921) 288-8877,richardrussell2@example.com,Driving License,532893000000.0,,,S65,8605214876.0,Platinum,3/17/2024 15:22,ZZ20240515AMDHYD2223,HK,FirstClass,1,4,3,ZZ,2223,AMD,HYD,5/15/2024,5/15/2024 10:52,5/15/2024 19:30,5/15/2024 5:22,5/15/2024 14:00,3,4900
JDMQ53,3/17/2024 15:22,WIS5039,Ramakrishnan,Romil,IN,4/24/1978,(178) 682-2620,romilramakrishnan3@example.com,Passport,590013783.0,,,ADT,,,3/17/2024 15:22,ZZ20240515AMDHYD2223,HK,FirstClass,1,4,3,ZZ,2223,AMD,HYD,5/15/2024,5/15/2024 10:52,5/15/2024 19:30,5/15/2024 5:22,5/15/2024 14:00,3,3300
PWNO45,3/17/2024 15:22,LAT7998,Harrington,Zachary,US,12/22/1967,(247) 228-2729,zacharyharrington1@example.com,Govt-Id,4363718623.0,,,ADT,9075654498.0,Gold,3/17/2024 15:22,ZZ20240515AMDHYD2223,HK,FirstClass,1,4,1,ZZ,2223,AMD,HYD,5/15/2024,5/15/2024 10:52,5/15/2024 19:30,5/15/2024 5:22,5/15/2024 14:00,3,4100
QUXC31,3/17/2024 15:22,ENG6420,Chen,David,US,8/31/2003,(495) 338-5456,davidchen1@example.com,Passport,78112917.0,,,ADT,4732366198.0,Gold,3/17/2024 15:22,ZZ20240515AMDHYD2223,HK,FirstClass,1,2,3,ZZ,2223,AMD,HYD,5/15/2024,5/15/2024 10:52,5/15/2024 19:30,5/15/2024 5:22,5/15/2024 14:00,1,4700
QUXC31,3/17/2024 15:22,WRC3967,Turner,Stephanie,US,3/10/1941,(400) 954-8382,stephanieturner2@example.com,Govt-Id,4951402480.0,,,S65,9957107823.0,Silver,3/17/2024 15:22,ZZ20240515AMDHYD2223,HK,FirstClass,1,2,3,ZZ,2223,AMD,HYD,5/15/2024,5/15/2024 10:52,5/15/2024 19:30,5/15/2024 5:22,5/15/2024 14:00,1,4400
QUXC31,3/17/2024 15:22,KGO8578,Mallick,Divit,IN,3/10/1941,(894) 967-8087,divitmallick3@example.com,Govt-Id,8493756958.0,,,S65,4789732311.0,Silver,3/17/2024 15:22,ZZ20240515AMDHYD2223,HK,FirstClass,1,2,3,ZZ,2223,AMD,HYD,5/15/2024,5/15/2024 10:52,5/15/2024 19:30,5/15/2024 5:22,5/15/2024 14:00,1,4400
IFOT44,3/17/2024 15:22,SWO6503,Yadav,Indranil,IN,12/1/1970,(205) 513-9197,indranilyadav1@example.com,Passport,828173921.0,,,ADT,,,3/17/2024 15:22,ZZ20240515AMDHYD2223,HK,FirstClass,1,2,3,ZZ,2223,AMD,HYD,5/15/2024,5/15/2024 10:52,5/15/2024 19:30,5/15/2024 5:22,5/15/2024 14:00,1,3100
IFOT44,3/17/2024 15:22,SHY5648,Lewis,Heidi,CA,10/21/1978,(229) 701-3028,heidilewis2@example.com,Driving License,534527000000.0,,,ADT,9431377036.0,Platinum,3/17/2024 15:22,ZZ20240515AMDHYD2223,HK,FirstClass,1,2,3,ZZ,2223,AMD,HYD,5/15/2024,5/15/2024 10:52,5/15/2024 19:30,5/15/2024 5:22,5/15/2024 14:00,1,4900
IFOT44,3/17/2024 15:22,QZA9338,Thompson,Elizabeth,CA,12/1/1938,(597) 435-2931,elizabeththompson3@example.com,Govt-Id,414571193.0,,,S65,2278139952.0,Gold,3/17/2024 15:22,ZZ20240515AMDHYD2223,HK,FirstClass,1,2,3,ZZ,2223,AMD,HYD,5/15/2024,5/15/2024 10:52,5/15/2024 19:30,5/15/2024 5:22,5/15/2024 14:00,1,4500
UIMJ88,3/17/2024 15:22,PNC5165,Russell,Ryan,CA,10/20/1979,(719) 814-2395,ryanrussell1@example.com,Govt-Id,8402112704.0,,,ADT,,,3/17/2024 15:22,ZZ20240515AMDHYD2223,HK,FirstClass,1,2,1,ZZ,2223,AMD,HYD,5/15/2024,5/15/2024 10:52,5/15/2024 19:30,5/15/2024 5:22,5/15/2024 14:00,1,2300
UGPR82,3/17/2024 15:22,YAT5678,Smith,Jason,US,9/30/2004,(593) 259-9448,jasonsmith1@example.com,Passport,574014095.0,,,ADT,,,3/17/2024 15:22,ZZ20240515AMDHYD2223,HK,FirstClass,1,1,4,ZZ,2223,AMD,HYD,5/15/2024,5/15/2024 10:52,5/15/2024 19:30,5/15/2024 5:22,5/15/2024 14:00,0,3100
UGPR82,3/17/2024 15:22,WHG9770,Bath,Shayak,IN,9/13/1940,(598) 868-5272,shayakbath2@example.com,Driving License,570869000000.0,,,S65,,,3/17/2024 15:22,ZZ20240515AMDHYD2223,HK,FirstClass,1,1,4,ZZ,2223,AMD,HYD,5/15/2024,5/15/2024 10:52,5/15/2024 19:30,5/15/2024 5:22,5/15/2024 14:00,0,2900
UGPR82,3/17/2024 15:22,IER5424,Boyd,Christopher,US,2/11/1948,(675) 714-6636,christopherboyd3@example.com,Driving License,892397000000.0,,,S65,1516428024.0,Gold,3/17/2024 15:22,ZZ20240515AMDHYD2223,HK,FirstClass,1,1,4,ZZ,2223,AMD,HYD,5/15/2024,5/15/2024 10:52,5/15/2024 19:30,5/15/2024 5:22,5/15/2024 14:00,0,4500
UGPR82,3/17/2024 15:22,ILN7353,Johnston,Tracey,US,12/20/2009,(719) 529-4784,traceyjohnston4@example.com,Govt-Id,4081514090.0,NRPS,,CHD,8479278827.0,Platinum,3/17/2024 15:22,ZZ20240515AMDHYD2223,HK,FirstClass,1,1,4,ZZ,2223,AMD,HYD,5/15/2024,5/15/2024 10:52,5/15/2024 19:30,5/15/2024 5:22,5/15/2024 14:00,0,4900
RZDL73,3/17/2024 15:22,IRO3749,Garcia,William,CA,6/16/1946,(109) 954-9935,williamgarcia1@example.com,Govt-Id,8739512342.0,,,S65,7961764688.0,Platinum,3/17/2024 15:22,ZZ20240515AMDHYD2223,HK,FirstClass,1,2,4,ZZ,2223,AMD,HYD,5/15/2024,5/15/2024 10:52,5/15/2024 19:30,5/15/2024 5:22,5/15/2024 14:00,1,4800
RZDL73,3/17/2024 15:22,HXD4652,Wilson,Susan,US,10/7/2003,(413) 259-6090,susanwilson2@example.com,Driving License,82518070067.0,,,ADT,,,3/17/2024 15:22,ZZ20240515AMDHYD2223,HK,FirstClass,1,2,4,ZZ,2223,AMD,HYD,5/15/2024,5/15/2024 10:52,5/15/2024 19:30,5/15/2024 5:22,5/15/2024 14:00,1,3200
RZDL73,3/17/2024 15:22,TTA1431,Pratt,Michael,US,10/9/1982,(927) 684-8752,michaelpratt3@example.com,Govt-Id,95935782.0,,,ADT,,,3/17/2024 15:22,ZZ20240515AMDHYD2223,HK,FirstClass,1,2,4,ZZ,2223,AMD,HYD,5/15/2024,5/15/2024 10:52,5/15/2024 19:30,5/15/2024 5:22,5/15/2024 14:00,1,3200
RZDL73,3/17/2024 15:22,OPB2755,Vazquez,Justin,CA,2/14/1976,(344) 733-7113,justinvazquez4@example.com,Driving License,9399177540.0,,,ADT,3329907175.0,Silver,3/17/2024 15:22,ZZ20240515AMDHYD2223,HK,FirstClass,1,2,4,ZZ,2223,AMD,HYD,5/15/2024,5/15/2024 10:52,5/15/2024 19:30,5/15/2024 5:22,5/15/2024 14:00,1,4700
HOOU31,3/17/2024 15:22,KWE3990,Lowery,Ian,US,4/19/2017,(188) 921-9908,ianlowery1@example.com,Passport,78660269674.0,,,CHD,376528934.0,Platinum,3/17/2024 15:22,ZZ20240515AMDHYD2223,HK,FirstClass,1,1,1,ZZ,2223,AMD,HYD,5/15/2024,5/15/2024 10:52,5/15/2024 19:30,5/15/2024 5:22,5/15/2024 14:00,0,3800
IFFG21,3/17/2024 15:22,SSA0447,Khosla,Ivan,IN,8/24/1939,(382) 322-8097,ivankhosla1@example.com,Driving License,805260000000.0,,,S65,3085726673.0,Platinum,3/17/2024 15:22,ZZ20240515AMDHYD2223,HK,FirstClass,1,4,2,ZZ,2223,AMD,HYD,5/15/2024,5/15/2024 10:52,5/15/2024 19:30,5/15/2024 5:22,5/15/2024 14:00,3,4800
IFFG21,3/17/2024 15:22,JIB2799,Sundaram,Jhanvi,IN,12/9/2001,(284) 125-5652,jhanvisundaram2@example.com,Govt-Id,1991872578.0,,,ADT,3203309074.0,Silver,3/17/2024 15:22,ZZ20240515AMDHYD2223,HK,FirstClass,1,4,2,ZZ,2223,AMD,HYD,5/15/2024,5/15/2024 10:52,5/15/2024 19:30,5/15/2024 5:22,5/15/2024 14:00,3,4700
TLEK50,3/17/2024 15:22,ZAE4626,Walker,Jennifer,US,3/27/1954,(878) 730-4839,jenniferwalker1@example.com,Govt-Id,9053751506.0,,,S65,,,3/17/2024 15:22,ZZ20240515AMDHYD2223,HK,FirstClass,1,2,3,ZZ,2223,AMD,HYD,5/15/2024,5/15/2024 10:52,5/15/2024 19:30,5/15/2024 5:22,5/15/2024 14:00,1,2900
TLEK50,3/17/2024 15:22,WPH4609,Dhar,Lakshay,IN,6/7/1933,(916) 570-5986,lakshaydhar2@example.com,Driving License,153246000000.0,,,S65,5850641354.0,Silver,3/17/2024 15:22,ZZ20240515AMDHYD2223,HK,FirstClass,1,2,3,ZZ,2223,AMD,HYD,5/15/2024,5/15/2024 10:52,5/15/2024 19:30,5/15/2024 5:22,5/15/2024 14:00,1,4400
TLEK50,3/17/2024 15:22,MSY4536,Reyes,Tyler,US,9/20/2017,(807) 593-2220,tylerreyes3@example.com,Passport,379676000000.0,,,CHD,1958717805.0,Gold,3/17/2024 15:22,ZZ20240515AMDHYD2223,HK,FirstClass,1,2,3,ZZ,2223,AMD,HYD,5/15/2024,5/15/2024 10:52,5/15/2024 19:30,5/15/2024 5:22,5/15/2024 14:00,1,4500
OILT53,3/17/2024 15:22,LFF4519,Johnson,Sheryl,CA,2/25/1982,(550) 390-2668,sheryljohnson1@example.com,Driving License,869353000000.0,,,ADT,7981872725.0,Gold,3/17/2024 15:22,ZZ20240515AMDHYD2223,HK,FirstClass,1,2,1,ZZ,2223,AMD,HYD,5/15/2024,5/15/2024 10:52,5/15/2024 19:30,5/15/2024 5:22,5/15/2024 14:00,1,3900
UDRN32,3/17/2024 15:22,GRS5211,Campbell,Ashley,US,3/10/1941,(621) 662-3210,ashleycampbell1@example.com,Driving License,886299000000.0,,,S65,3604285456.0,Silver,3/17/2024 15:22,ZZ20240515AMDHYD2223,HK,BusinessClass,1,3,2,ZZ,2223,AMD,HYD,5/15/2024,5/15/2024 10:52,5/15/2024 19:30,5/15/2024 5:22,5/15/2024 14:00,2,4100
UDRN32,3/17/2024 15:22,CSD7677,Rastogi,Madhup,IN,7/29/1972,(542) 115-1567,madhuprastogi2@example.com,Driving License,758954000000.0,,,ADT,4240447038.0,Platinum,3/17/2024 15:22,ZZ20240515AMDHYD2223,HK,BusinessClass,1,3,2,ZZ,2223,AMD,HYD,5/15/2024,5/15/2024 10:52,5/15/2024 19:30,5/15/2024 5:22,5/15/2024 14:00,2,4600
HRES58,3/17/2024 15:22,AMM2826,Randall,Mark,US,1/8/1937,(419) 215-6916,markrandall1@example.com,Passport,991110915.0,,,S65,,,3/17/2024 15:22,ZZ20240515AMDHYD2223,HK,BusinessClass,1,4,1,ZZ,2223,AMD,HYD,5/15/2024,5/15/2024 10:52,5/15/2024 19:30,5/15/2024 5:22,5/15/2024 14:00,3,2000
YLMK14,3/17/2024 15:22,DGO4123,Hess,Jennifer,CA,11/23/2022,(369) 306-6031,jenniferhess1@example.com,Passport,701572503.0,,,INS,2351635076.0,Platinum,3/17/2024 15:22,ZZ20240515AMDHYD2223,HK,BusinessClass,1,3,2,ZZ,2223,AMD,HYD,5/15/2024,5/15/2024 10:52,5/15/2024 19:30,5/15/2024 5:22,5/15/2024 14:00,2,4600
YLMK14,3/17/2024 15:22,PBJ8015,Thompson,Matthew,US,1/19/2012,(703) 954-6685,matthewthompson2@example.com,Passport,872686639.0,,,CHD,,,3/17/2024 15:22,ZZ20240515AMDHYD2223,HK,BusinessClass,1,3,2,ZZ,2223,AMD,HYD,5/15/2024,5/15/2024 10:52,5/15/2024 19:30,5/15/2024 5:22,5/15/2024 14:00,2,2600
DUUZ15,3/17/2024 15:22,LPO6034,Baker,William,CA,8/22/1943,(868) 494-9976,williambaker1@example.com,Passport,860444339.0,,,S65,5424613510.0,Silver,3/17/2024 15:22,ZZ20240515AMDHYD2223,HK,BusinessClass,1,1,4,ZZ,2223,AMD,HYD,5/15/2024,5/15/2024 10:52,5/15/2024 19:30,5/15/2024 5:22,5/15/2024 14:00,0,4100
DUUZ15,3/17/2024 15:22,EJJ0710,Trivedi,Hridaan,IN,2/1/2000,(260) 461-8868,hridaantrivedi2@example.com,Driving License,531400000000.0,,,ADT,,,3/17/2024 15:22,ZZ20240515AMDHYD2223,HK,BusinessClass,1,1,4,ZZ,2223,AMD,HYD,5/15/2024,5/15/2024 10:52,5/15/2024 19:30,5/15/2024 5:22,5/15/2024 14:00,0,2800
DUUZ15,3/17/2024 15:22,WZZ6799,Thompson,Anthony,CA,10/18/1982,(232) 778-2930,anthonythompson3@example.com,Driving License,619195000000.0,,,ADT,3100207594.0,Silver,3/17/2024 15:22,ZZ20240515AMDHYD2223,HK,BusinessClass,1,1,4,ZZ,2223,AMD,HYD,5/15/2024,5/15/2024 10:52,5/15/2024 19:30,5/15/2024 5:22,5/15/2024 14:00,0,4300
DUUZ15,3/17/2024 15:22,OYO7972,Sutton,Peter,CA,11/16/1999,(502) 484-1342,petersutton4@example.com,Driving License,952025000000.0,,,ADT,,,3/17/2024 15:22,ZZ20240515AMDHYD2223,HK,BusinessClass,1,1,4,ZZ,2223,AMD,HYD,5/15/2024,5/15/2024 10:52,5/15/2024 19:30,5/15/2024 5:22,5/15/2024 14:00,0,2800
JTEG33,3/17/2024 15:22,IBD6490,Dash,Jayant,IN,7/3/1949,(798) 819-5239,jayantdash1@example.com,Passport,814080716.0,,,S65,,,3/17/2024 15:22,ZZ20240515AMDHYD2223,HK,BusinessClass,1,4,4,ZZ,2223,AMD,HYD,5/15/2024,5/15/2024 10:52,5/15/2024 19:30,5/15/2024 5:22,5/15/2024 14:00,3,2900
JTEG33,3/17/2024 15:22,NEK3266,Holland,Jeffrey,CA,8/21/1997,(155) 613-6434,jeffreyholland2@example.com,Passport,142109992.0,,,ADT,4609302607.0,Gold,3/17/2024 15:22,ZZ20240515AMDHYD2223,HK,BusinessClass,1,4,4,ZZ,2223,AMD,HYD,5/15/2024,5/15/2024 10:52,5/15/2024 19:30,5/15/2024 5:22,5/15/2024 14:00,3,4700
JTEG33,3/17/2024 15:22,TXX7705,Mcfarland,Alexander,CA,7/25/2013,(678) 227-6026,alexandermcfarland3@example.com,Govt-Id,2441633228.0,,,CHD,,,3/17/2024 15:22,ZZ20240515AMDHYD2223,HK,BusinessClass,1,4,4,ZZ,2223,AMD,HYD,5/15/2024,5/15/2024 10:52,5/15/2024 19:30,5/15/2024 5:22,5/15/2024 14:00,3,2900
JTEG33,3/17/2024 15:22,FMM9880,Wadhwa,Faiyaz,IN,11/21/1998,(933) 297-9519,faiyazwadhwa4@example.com,Govt-Id,8821730589.0,,,ADT,,,3/17/2024 15:22,ZZ20240515AMDHYD2223,HK,BusinessClass,1,4,4,ZZ,2223,AMD,HYD,5/15/2024,5/15/2024 10:52,5/15/2024 19:30,5/15/2024 5:22,5/15/2024 14:00,3,3100
PYCN43,3/17/2024 15:22,GKJ8091,Castro,Robert,CA,1/8/1978,(598) 405-9544,robertcastro1@example.com,Govt-Id,306092179.0,,,ADT,,,3/17/2024 15:22,ZZ20240515AMDHYD2223,HK,BusinessClass,1,4,4,ZZ,2223,AMD,HYD,5/15/2024,5/15/2024 10:52,5/15/2024 19:30,5/15/2024 5:22,5/15/2024 14:00,3,3100
PYCN43,3/17/2024 15:22,CRF6565,Gaba,Zara,IN,3/11/1975,(540) 619-3977,zaragaba2@example.com,Passport,283209598.0,,,ADT,8883893985.0,Silver,3/17/2024 15:22,ZZ20240515AMDHYD2223,HK,BusinessClass,1,4,4,ZZ,2223,AMD,HYD,5/15/2024,5/15/2024 10:52,5/15/2024 19:30,5/15/2024 5:22,5/15/2024 14:00,3,4600
PYCN43,3/17/2024 15:22,REL9424,Ramaswamy,Anahita,IN,5/8/2014,(917) 853-8230,anahitaramaswamy3@example.com,Passport,551865000000.0,,,CHD,1974802984.0,Platinum,3/17/2024 15:22,ZZ20240515AMDHYD2223,HK,BusinessClass,1,4,4,ZZ,2223,AMD,HYD,5/15/2024,5/15/2024 10:52,5/15/2024 19:30,5/15/2024 5:22,5/15/2024 14:00,3,4700
PYCN43,3/17/2024 15:22,IGJ7618,Ram,Vanya,IN,4/28/1955,(873) 215-7947,vanyaram4@example.com,Govt-Id,9388748687.0,,,S65,8064160842.0,Silver,3/17/2024 15:22,ZZ20240515AMDHYD2223,HK,BusinessClass,1,4,4,ZZ,2223,AMD,HYD,5/15/2024,5/15/2024 10:52,5/15/2024 19:30,5/15/2024 5:22,5/15/2024 14:00,3,4400
NZMC56,3/17/2024 15:22,EEO7451,Aurora,Yakshit,IN,12/11/1938,(941) 171-7807,yakshitaurora1@example.com,Govt-Id,9301742832.0,,,S65,5919886637.0,Gold,3/17/2024 15:22,ZZ20240515AMDHYD2223,HK,BusinessClass,1,2,4,ZZ,2223,AMD,HYD,5/15/2024,5/15/2024 10:52,5/15/2024 19:30,5/15/2024 5:22,5/15/2024 14:00,1,4300
NZMC56,3/17/2024 15:22,PPS4110,Taneja,Zaina,IN,3/13/1987,(165) 765-9550,zainataneja2@example.com,Passport,105601176.0,NRSA,,ADT,1354575396.0,Gold,3/17/2024 15:22,ZZ20240515AMDHYD2223,HK,BusinessClass,1,2,4,ZZ,2223,AMD,HYD,5/15/2024,5/15/2024 10:52,5/15/2024 19:30,5/15/2024 5:22,5/15/2024 14:00,1,4700
NZMC56,3/17/2024 15:22,EKW3843,Rajan,Kabir,IN,9/3/2006,(858) 319-6180,kabirrajan3@example.com,Govt-Id,5213440992.0,,,CHD,2795149758.0,Gold,3/17/2024 15:22,ZZ20240515AMDHYD2223,HK,BusinessClass,1,2,4,ZZ,2223,AMD,HYD,5/15/2024,5/15/2024 10:52,5/15/2024 19:30,5/15/2024 5:22,5/15/2024 14:00,1,4300
NZMC56,3/17/2024 15:22,IZY0398,Banerjee,Hazel,IN,11/14/2017,(905) 251-1110,hazelbanerjee4@example.com,Passport,982904537.0,,,CHD,8112735208.0,Silver,3/17/2024 15:22,ZZ20240515AMDHYD2223,HK,BusinessClass,1,2,4,ZZ,2223,AMD,HYD,5/15/2024,5/15/2024 10:52,5/15/2024 19:30,5/15/2024 5:22,5/15/2024 14:00,1,4200
BYKC60,3/17/2024 15:22,OKK2873,Owens,Julia,CA,7/6/1980,(525) 494-6153,juliaowens1@example.com,Passport,95677423.0,,,ADT,2596444572.0,Gold,3/17/2024 15:22,ZZ20240515AMDHYD2223,HK,BusinessClass,1,2,1,ZZ,2223,AMD,HYD,5/15/2024,5/15/2024 10:52,5/15/2024 19:30,5/15/2024 5:22,5/15/2024 14:00,1,3600
AZSF88,3/17/2024 15:22,BIC6184,Alexander,Diana,CA,5/22/1971,(533) 259-4629,dianaalexander1@example.com,Govt-Id,6645771680.0,NRPS,,ADT,390849425.0,Gold,3/17/2024 15:22,ZZ20240515AMDHYD2223,HK,BusinessClass,1,2,1,ZZ,2223,AMD,HYD,5/15/2024,5/15/2024 10:52,5/15/2024 19:30,5/15/2024 5:22,5/15/2024 14:00,1,3800
CYZI24,3/17/2024 15:22,IQE0134,Raju,Mehul,IN,2/17/2019,(637) 566-1062,mehulraju1@example.com,Driving License,471628000000.0,,,,,,3/17/2024 15:22,ZZ20240515AMDHYD2223,HK,BusinessClass,1,4,2,ZZ,2223,AMD,HYD,5/15/2024,5/15/2024 10:52,5/15/2024 19:30,5/15/2024 5:22,5/15/2024 14:00,3,2700
CYZI24,3/17/2024 15:22,YJW4679,Schaefer,William,CA,9/21/2010,(772) 772-9294,williamschaefer2@example.com,Govt-Id,7244638858.0,,,CHD,2328982327.0,Platinum,3/17/2024 15:22,ZZ20240515AMDHYD2223,HK,BusinessClass,1,4,2,ZZ,2223,AMD,HYD,5/15/2024,5/15/2024 10:52,5/15/2024 19:30,5/15/2024 5:22,5/15/2024 14:00,3,4500
MCXS47,3/17/2024 15:22,UFM3491,Green,Briana,CA,8/12/1966,(316) 962-7327,brianagreen1@example.com,Govt-Id,3993662308.0,,,ADT,,,3/17/2024 15:22,ZZ20240515AMDHYD2223,HK,BusinessClass,1,1,1,ZZ,2223,AMD,HYD,5/15/2024,5/15/2024 10:52,5/15/2024 19:30,5/15/2024 5:22,5/15/2024 14:00,0,1900
FNLI16,3/17/2024 15:22,OYN7414,Brooks,Misty,US,8/30/1976,(128) 293-2510,mistybrooks1@example.com,Govt-Id,5913459456.0,,,ADT,1201765440.0,Gold,3/17/2024 15:22,ZZ20240515AMDHYD2223,HK,BusinessClass,1,1,4,ZZ,2223,AMD,HYD,5/15/2024,5/15/2024 10:52,5/15/2024 19:30,5/15/2024 5:22,5/15/2024 14:00,0,4400
FNLI16,3/17/2024 15:22,NAF5106,Krish,Ishaan,IN,7/29/1972,(799) 858-4530,ishaankrish2@example.com,Driving License,470927000000.0,NRPS,,ADT,4158263277.0,Gold,3/17/2024 15:22,ZZ20240515AMDHYD2223,HK,BusinessClass,1,1,4,ZZ,2223,AMD,HYD,5/15/2024,5/15/2024 10:52,5/15/2024 19:30,5/15/2024 5:22,5/15/2024 14:00,0,4600
FNLI16,3/17/2024 15:22,TNE3193,Hernandez,Michael,US,11/12/1936,(359) 992-2667,michaelhernandez3@example.com,Driving License,187995000000.0,,,S65,4258380560.0,Silver,3/17/2024 15:22,ZZ20240515AMDHYD2223,HK,BusinessClass,1,1,4,ZZ,2223,AMD,HYD,5/15/2024,5/15/2024 10:52,5/15/2024 19:30,5/15/2024 5:22,5/15/2024 14:00,0,4100
FNLI16,3/17/2024 15:22,JCI3971,Wilson,Hannah,CA,8/27/1949,(423) 680-3877,hannahwilson4@example.com,Govt-Id,871550771.0,,,S65,,,3/17/2024 15:22,ZZ20240515AMDHYD2223,HK,BusinessClass,1,1,4,ZZ,2223,AMD,HYD,5/15/2024,5/15/2024 10:52,5/15/2024 19:30,5/15/2024 5:22,5/15/2024 14:00,0,2600
BMAG44,3/17/2024 15:22,SYC0291,Cunningham,Ashley,CA,3/26/1950,(352) 646-1300,ashleycunningham1@example.com,Govt-Id,6562479830.0,,,S65,6239222613.0,Silver,3/17/2024 15:22,ZZ20240515AMDHYD2223,HK,BusinessClass,1,4,3,ZZ,2223,AMD,HYD,5/15/2024,5/15/2024 10:52,5/15/2024 19:30,5/15/2024 5:22,5/15/2024 14:00,3,4300
BMAG44,3/17/2024 15:22,MGS2365,Burke,Michelle,CA,11/23/2019,(171) 935-8821,michelleburke2@example.com,Passport,161980490.0,,,,,,3/17/2024 15:22,ZZ20240515AMDHYD2223,HK,BusinessClass,1,4,3,ZZ,2223,AMD,HYD,5/15/2024,5/15/2024 10:52,5/15/2024 19:30,5/15/2024 5:22,5/15/2024 14:00,3,2800
BMAG44,3/17/2024 15:22,MKJ9979,Zachariah,Farhan,IN,7/12/1996,(331) 583-7448,farhanzachariah3@example.com,Driving License,765784000000.0,,,ADT,9699886572.0,Silver,3/17/2024 15:22,ZZ20240515AMDHYD2223,HK,BusinessClass,1,4,3,ZZ,2223,AMD,HYD,5/15/2024,5/15/2024 10:52,5/15/2024 19:30,5/15/2024 5:22,5/15/2024 14:00,3,4500
RJQX83,3/17/2024 15:22,SUH0920,Reed,Alison,CA,7/15/1948,(432) 321-1614,alisonreed1@example.com,Driving License,580037000000.0,,,S65,,,3/17/2024 15:22,ZZ20240515AMDHYD2223,HK,BusinessClass,1,4,1,ZZ,2223,AMD,HYD,5/15/2024,5/15/2024 10:52,5/15/2024 19:30,5/15/2024 5:22,5/15/2024 14:00,3,2000
VSII60,3/17/2024 15:22,ABA8820,Strickland,Karen,US,10/18/1966,(533) 283-2515,karenstrickland1@example.com,Govt-Id,2483055929.0,,,ADT,8038021862.0,Platinum,3/17/2024 15:22,ZZ20240515AMDHYD2223,HK,BusinessClass,1,2,3,ZZ,2223,AMD,HYD,5/15/2024,5/15/2024 10:52,5/15/2024 19:30,5/15/2024 5:22,5/15/2024 14:00,1,4600
VSII60,3/17/2024 15:22,QOO7534,Herman,Blake,US,9/3/1942,(281) 336-4015,blakeherman2@example.com,Passport,199141744.0,,,S65,,,3/17/2024 15:22,ZZ20240515AMDHYD2223,HK,BusinessClass,1,2,3,ZZ,2223,AMD,HYD,5/15/2024,5/15/2024 10:52,5/15/2024 19:30,5/15/2024 5:22,5/15/2024 14:00,1,2600
VSII60,3/17/2024 15:22,IWR0419,Acharya,Vaibhav,IN,1/2/1950,(510) 151-8941,vaibhavacharya3@example.com,Govt-Id,9136275453.0,,,S65,,,3/17/2024 15:22,ZZ20240515AMDHYD2223,HK,BusinessClass,1,2,3,ZZ,2223,AMD,HYD,5/15/2024,5/15/2024 10:52,5/15/2024 19:30,5/15/2024 5:22,5/15/2024 14:00,1,2600
XNVS89,3/17/2024 15:22,RQC3060,Comar,Mishti,IN,11/12/1966,(830) 128-4687,mishticomar1@example.com,Driving License,687549000000.0,,BLND,ADT,,,3/17/2024 15:22,ZZ20240515AMDHYD2223,HK,BusinessClass,1,2,3,ZZ,2223,AMD,HYD,5/15/2024,5/15/2024 10:52,5/15/2024 19:30,5/15/2024 5:22,5/15/2024 14:00,1,3000
XNVS89,3/17/2024 15:22,RLF1850,Morgan,Craig,US,3/31/1991,(131) 938-1539,craigmorgan2@example.com,Driving License,728349000000.0,,,ADT,4749078590.0,Gold,3/17/2024 15:22,ZZ20240515AMDHYD2223,HK,BusinessClass,1,2,3,ZZ,2223,AMD,HYD,5/15/2024,5/15/2024 10:52,5/15/2024 19:30,5/15/2024 5:22,5/15/2024 14:00,1,4400
XNVS89,3/17/2024 15:22,LDB7231,Ray,Anya,IN,1/3/1991,(400) 381-2386,anyaray3@example.com,Driving License,166701000000.0,,,ADT,6634836229.0,Gold,3/17/2024 15:22,ZZ20240515AMDHYD2223,HK,BusinessClass,1,2,3,ZZ,2223,AMD,HYD,5/15/2024,5/15/2024 10:52,5/15/2024 19:30,5/15/2024 5:22,5/15/2024 14:00,1,4400
DLTN23,3/17/2024 15:22,TTV8781,Anderson,Timothy,CA,8/26/1963,(935) 789-9443,timothyanderson1@example.com,Passport,128629324.0,,,S65,,,3/17/2024 15:22,ZZ20240515AMDHYD2223,HK,BusinessClass,1,4,3,ZZ,2223,AMD,HYD,5/15/2024,5/15/2024 10:52,5/15/2024 19:30,5/15/2024 5:22,5/15/2024 14:00,3,2800
DLTN23,3/17/2024 15:22,CRP1360,Hicks,Christopher,CA,9/1/1949,(578) 886-1822,christopherhicks2@example.com,Passport,714582230.0,,,S65,,,3/17/2024 15:22,ZZ20240515AMDHYD2223,HK,BusinessClass,1,4,3,ZZ,2223,AMD,HYD,5/15/2024,5/15/2024 10:52,5/15/2024 19:30,5/15/2024 5:22,5/15/2024 14:00,3,2800
DLTN23,3/17/2024 15:22,LCX6791,Gregory,Thomas,US,8/21/2009,(498) 977-8777,thomasgregory3@example.com,Govt-Id,5815138495.0,,,CHD,8035776311.0,Silver,3/17/2024 15:22,ZZ20240515AMDHYD2223,HK,BusinessClass,1,4,3,ZZ,2223,AMD,HYD,5/15/2024,5/15/2024 10:52,5/15/2024 19:30,5/15/2024 5:22,5/15/2024 14:00,3,4300
RECI74,3/17/2024 15:22,IRV5237,Yoder,Deborah,US,9/5/1953,(405) 370-8020,deborahyoder1@example.com,Driving License,513514000000.0,,,S65,,,3/17/2024 15:22,ZZ20240515AMDHYD2223,HK,BusinessClass,1,1,4,ZZ,2223,AMD,HYD,5/15/2024,5/15/2024 10:52,5/15/2024 19:30,5/15/2024 5:22,5/15/2024 14:00,0,2600
RECI74,3/17/2024 15:22,PPC0528,Chawla,Vaibhav,IN,3/23/1955,(535) 836-9372,vaibhavchawla2@example.com,Driving License,926523000000.0,,,S65,1934619048.0,Gold,3/17/2024 15:22,ZZ20240515AMDHYD2223,HK,BusinessClass,1,1,4,ZZ,2223,AMD,HYD,5/15/2024,5/15/2024 10:52,5/15/2024 19:30,5/15/2024 5:22,5/15/2024 14:00,0,4200
RECI74,3/17/2024 15:22,FGW1080,Barad,Hiran,IN,9/5/2020,(937) 398-7122,hiranbarad3@example.com,Govt-Id,1419713905.0,,,INF,,,3/17/2024 15:22,ZZ20240515AMDHYD2223,HK,BusinessClass,1,1,4,ZZ,2223,AMD,HYD,5/15/2024,5/15/2024 10:52,5/15/2024 19:30,5/15/2024 5:22,5/15/2024 14:00,0,2800
RECI74,3/17/2024 15:22,WAY4178,Martin,Joe,CA,3/29/1944,(354) 573-6465,joemartin4@example.com,Driving License,624622000000.0,,,S65,4222411678.0,Gold,3/17/2024 15:22,ZZ20240515AMDHYD2223,HK,BusinessClass,1,1,4,ZZ,2223,AMD,HYD,5/15/2024,5/15/2024 10:52,5/15/2024 19:30,5/15/2024 5:22,5/15/2024 14:00,0,4200
BIRU28,3/17/2024 15:22,UFZ2491,Mitchell,Elizabeth,US,1/11/2012,(987) 333-7383,elizabethmitchell1@example.com,Govt-Id,5945494768.0,,,CHD,,,3/17/2024 15:22,ZZ20240515AMDHYD2223,HK,BusinessClass,1,4,4,ZZ,2223,AMD,HYD,5/15/2024,5/15/2024 10:52,5/15/2024 19:30,5/15/2024 5:22,5/15/2024 14:00,3,2900
BIRU28,3/17/2024 15:22,RMR9846,Chawla,Hansh,IN,1/11/2004,(882) 225-5532,hanshchawla2@example.com,Passport,849151651.0,,BLND,ADT,,,3/17/2024 15:22,ZZ20240515AMDHYD2223,HK,BusinessClass,1,4,4,ZZ,2223,AMD,HYD,5/15/2024,5/15/2024 10:52,5/15/2024 19:30,5/15/2024 5:22,5/15/2024 14:00,3,3300
BIRU28,3/17/2024 15:22,TTT6913,Meyer,Sharon,US,2/17/1936,(390) 855-8591,sharonmeyer3@example.com,Passport,989161698.0,,,S65,,,3/17/2024 15:22,ZZ20240515AMDHYD2223,HK,BusinessClass,1,4,4,ZZ,2223,AMD,HYD,5/15/2024,5/15/2024 10:52,5/15/2024 19:30,5/15/2024 5:22,5/15/2024 14:00,3,2900
BIRU28,3/17/2024 15:22,OAD6606,Webster,Jennifer,CA,8/29/2019,(465) 616-5296,jenniferwebster4@example.com,Passport,996099255.0,NRPS,,,4826563430.0,Gold,3/17/2024 15:22,ZZ20240515AMDHYD2223,HK,BusinessClass,1,4,4,ZZ,2223,AMD,HYD,5/15/2024,5/15/2024 10:52,5/15/2024 19:30,5/15/2024 5:22,5/15/2024 14:00,3,4700
HKNT90,3/17/2024 15:22,DXN1159,Harvey,Julie,CA,2/1/1985,(265) 785-2699,julieharvey1@example.com,Passport,2204704.0,,,ADT,9204093289.0,Gold,3/17/2024 15:22,ZZ20240515AMDHYD2223,HK,PremiumEconomyClass,1,3,3,ZZ,2223,AMD,HYD,5/15/2024,5/15/2024 10:52,5/15/2024 19:30,5/15/2024 5:22,5/15/2024 14:00,2,4400
HKNT90,3/17/2024 15:22,TBG4346,Mahal,Hrishita,IN,11/15/1935,(644) 970-9185,hrishitamahal2@example.com,Passport,864437378.0,,,S65,1942264040.0,Platinum,3/17/2024 15:22,ZZ20240515AMDHYD2223,HK,PremiumEconomyClass,1,3,3,ZZ,2223,AMD,HYD,5/15/2024,5/15/2024 10:52,5/15/2024 19:30,5/15/2024 5:22,5/15/2024 14:00,2,4400
HKNT90,3/17/2024 15:22,FUU6017,Chaudry,Rania,IN,7/3/1937,(111) 515-4353,raniachaudry3@example.com,Govt-Id,8405227100.0,,,S65,2845809428.0,Silver,3/17/2024 15:22,ZZ20240515AMDHYD2223,HK,PremiumEconomyClass,1,3,3,ZZ,2223,AMD,HYD,5/15/2024,5/15/2024 10:52,5/15/2024 19:30,5/15/2024 5:22,5/15/2024 14:00,2,4100
PKUZ69,3/17/2024 15:22,AHC7182,Greene,Jonathan,US,3/13/1969,(998) 937-2155,jonathangreene1@example.com,Driving License,706287000000.0,,WCHR,ADT,1671867441.0,Gold,3/17/2024 15:22,ZZ20240515AMDHYD2223,HK,PremiumEconomyClass,1,1,2,ZZ,2223,AMD,HYD,5/15/2024,5/15/2024 10:52,5/15/2024 19:30,5/15/2024 5:22,5/15/2024 14:00,0,4300
PKUZ69,3/17/2024 15:22,RVL5316,Srivastava,Prerak,IN,4/29/2012,(274) 241-3286,preraksrivastava2@example.com,Govt-Id,6665347324.0,,WCHR,CHD,,,3/17/2024 15:22,ZZ20240515AMDHYD2223,HK,PremiumEconomyClass,1,1,2,ZZ,2223,AMD,HYD,5/15/2024,5/15/2024 10:52,5/15/2024 19:30,5/15/2024 5:22,5/15/2024 14:00,0,2500
CAUD85,3/17/2024 15:22,LIK1184,Williamson,Anthony,CA,1/12/1986,(972) 743-8414,anthonywilliamson1@example.com,Driving License,498977000000.0,,,ADT,3386859660.0,Platinum,3/17/2024 15:22,ZZ20240515AMDHYD2223,HK,PremiumEconomyClass,1,1,9,ZZ,2223,AMD,HYD,5/15/2024,5/15/2024 10:52,5/15/2024 19:30,5/15/2024 5:22,5/15/2024 14:00,0,5000
CAUD85,3/17/2024 15:22,QJA8730,Price,Aaron,CA,7/28/2001,(479) 225-3483,aaronprice2@example.com,Driving License,796596000000.0,,,ADT,,,3/17/2024 15:22,ZZ20240515AMDHYD2223,HK,PremiumEconomyClass,1,1,9,ZZ,2223,AMD,HYD,5/15/2024,5/15/2024 10:52,5/15/2024 19:30,5/15/2024 5:22,5/15/2024 14:00,0,3200
CAUD85,3/17/2024 15:22,CIE7707,Varma,Vardaniya,IN,10/5/1979,(507) 905-5082,vardaniyavarma3@example.com,Passport,230500579.0,,,ADT,,,3/17/2024 15:22,ZZ20240515AMDHYD2223,HK,PremiumEconomyClass,1,1,9,ZZ,2223,AMD,HYD,5/15/2024,5/15/2024 10:52,5/15/2024 19:30,5/15/2024 5:22,5/15/2024 14:00,0,3200
CAUD85,3/17/2024 15:22,OUE7451,Sabharwal,Khushi,IN,2/25/1981,(512) 488-8735,khushisabharwal4@example.com,Passport,158077166.0,,,ADT,3848417161.0,Gold,3/17/2024 15:22,ZZ20240515AMDHYD2223,HK,PremiumEconomyClass,1,1,9,ZZ,2223,AMD,HYD,5/15/2024,5/15/2024 10:52,5/15/2024 19:30,5/15/2024 5:22,5/15/2024 14:00,0,4800
CAUD85,3/17/2024 15:22,CWK9565,Blair,Nicholas,CA,11/17/1947,(527) 703-4781,nicholasblair5@example.com,Passport,269126277.0,,,S65,,,3/17/2024 15:22,ZZ20240515AMDHYD2223,HK,PremiumEconomyClass,1,1,9,ZZ,2223,AMD,HYD,5/15/2024,5/15/2024 10:52,5/15/2024 19:30,5/15/2024 5:22,5/15/2024 14:00,0,3000
CAUD85,3/17/2024 15:22,DGE3826,Chaudhary,Himmat,IN,4/15/1938,(566) 459-9778,himmatchaudhary6@example.com,Passport,918607884.0,,,S65,7746986067.0,Silver,3/17/2024 15:22,ZZ20240515AMDHYD2223,HK,PremiumEconomyClass,1,1,9,ZZ,2223,AMD,HYD,5/15/2024,5/15/2024 10:52,5/15/2024 19:30,5/15/2024 5:22,5/15/2024 14:00,0,4500
CAUD85,3/17/2024 15:22,GAQ6630,Kuruvilla,Hazel,IN,4/6/2020,(598) 375-4515,hazelkuruvilla7@example.com,Govt-Id,2944184596.0,,,INF,1106110647.0,Silver,3/17/2024 15:22,ZZ20240515AMDHYD2223,HK,PremiumEconomyClass,1,1,9,ZZ,2223,AMD,HYD,5/15/2024,5/15/2024 10:52,5/15/2024 19:30,5/15/2024 5:22,5/15/2024 14:00,0,4700
CAUD85,3/17/2024 15:22,MBH9315,Korpal,Darshit,IN,9/21/2016,(368) 666-4027,darshitkorpal8@example.com,Passport,379837262.0,,,CHD,113006924.0,Silver,3/17/2024 15:22,ZZ20240515AMDHYD2223,HK,PremiumEconomyClass,1,1,9,ZZ,2223,AMD,HYD,5/15/2024,5/15/2024 10:52,5/15/2024 19:30,5/15/2024 5:22,5/15/2024 14:00,0,4500
CAUD85,3/17/2024 15:22,TMT2099,Richards,Manuel,CA,2/13/1973,(967) 962-4299,manuelrichards9@example.com,Govt-Id,7823439975.0,,,ADT,,,3/17/2024 15:22,ZZ20240515AMDHYD2223,HK,PremiumEconomyClass,1,1,9,ZZ,2223,AMD,HYD,5/15/2024,5/15/2024 10:52,5/15/2024 19:30,5/15/2024 5:22,5/15/2024 14:00,0,3200
CDCV36,3/17/2024 15:22,LRQ7595,Deo,Nehmat,IN,10/7/1997,(675) 544-9303,nehmatdeo1@example.com,Govt-Id,8904142523.0,,,ADT,709444810.0,Gold,3/17/2024 15:22,ZZ20240515AMDHYD2223,HK,PremiumEconomyClass,1,3,8,ZZ,2223,AMD,HYD,5/15/2024,5/15/2024 10:52,5/15/2024 19:30,5/15/2024 5:22,5/15/2024 14:00,2,4900
CDCV36,3/17/2024 15:22,OOI6656,Burch,Austin,CA,8/16/2010,(740) 349-9859,austinburch2@example.com,Passport,167341000000.0,,,CHD,7850566197.0,Gold,3/17/2024 15:22,ZZ20240515AMDHYD2223,HK,PremiumEconomyClass,1,3,8,ZZ,2223,AMD,HYD,5/15/2024,5/15/2024 10:52,5/15/2024 19:30,5/15/2024 5:22,5/15/2024 14:00,2,4700
CDCV36,3/17/2024 15:22,SPA1409,Yogi,Raunak,IN,6/12/1961,(768) 590-1009,raunakyogi3@example.com,Passport,213830096.0,,,S65,,,3/17/2024 15:22,ZZ20240515AMDHYD2223,HK,PremiumEconomyClass,1,3,8,ZZ,2223,AMD,HYD,5/15/2024,5/15/2024 10:52,5/15/2024 19:30,5/15/2024 5:22,5/15/2024 14:00,2,3100
CDCV36,3/17/2024 15:22,IDA4791,Fields,Brenda,US,10/25/1955,(108) 478-8904,brendafields4@example.com,Passport,998287602.0,,,S65,,,3/17/2024 15:22,ZZ20240515AMDHYD2223,HK,PremiumEconomyClass,1,3,8,ZZ,2223,AMD,HYD,5/15/2024,5/15/2024 10:52,5/15/2024 19:30,5/15/2024 5:22,5/15/2024 14:00,2,3100
CDCV36,3/17/2024 15:22,HRK5602,Lee,Vincent,CA,8/7/1976,(541) 220-2552,vincentlee5@example.com,Passport,560985675.0,,,ADT,696857666.0,Silver,3/17/2024 15:22,ZZ20240515AMDHYD2223,HK,PremiumEconomyClass,1,3,8,ZZ,2223,AMD,HYD,5/15/2024,5/15/2024 10:52,5/15/2024 19:30,5/15/2024 5:22,5/15/2024 14:00,2,4800
CDCV36,3/17/2024 15:22,OUP0499,Lawrence,Laura,US,11/7/1971,(588) 311-7960,lauralawrence6@example.com,Driving License,162013000000.0,,,ADT,7733342315.0,Platinum,3/17/2024 15:22,ZZ20240515AMDHYD2223,HK,PremiumEconomyClass,1,3,8,ZZ,2223,AMD,HYD,5/15/2024,5/15/2024 10:52,5/15/2024 19:30,5/15/2024 5:22,5/15/2024 14:00,2,5100
CDCV36,3/17/2024 15:22,PDN0719,Nelson,James,US,9/8/1948,(650) 162-8162,jamesnelson7@example.com,Driving License,159256000000.0,,,S65,2225682952.0,Silver,3/17/2024 15:22,ZZ20240515AMDHYD2223,HK,PremiumEconomyClass,1,3,8,ZZ,2223,AMD,HYD,5/15/2024,5/15/2024 10:52,5/15/2024 19:30,5/15/2024 5:22,5/15/2024 14:00,2,4600
CDCV36,3/17/2024 15:22,LEE2897,Turner,Matthew,CA,10/25/1948,(570) 388-3739,matthewturner8@example.com,Govt-Id,1513039902.0,,,S65,,,3/17/2024 15:22,ZZ20240515AMDHYD2223,HK,PremiumEconomyClass,1,3,8,ZZ,2223,AMD,HYD,5/15/2024,5/15/2024 10:52,5/15/2024 19:30,5/15/2024 5:22,5/15/2024 14:00,2,3100
SIAT74,3/17/2024 15:22,PNV3676,Bains,Piya,IN,7/26/2001,(534) 501-1326,piyabains1@example.com,Passport,777735794.0,,,ADT,5746870175.0,Silver,3/17/2024 15:22,ZZ20240515AMDHYD2223,HK,PremiumEconomyClass,1,3,9,ZZ,2223,AMD,HYD,5/15/2024,5/15/2024 10:52,5/15/2024 19:30,5/15/2024 5:22,5/15/2024 14:00,2,4900
SIAT74,3/17/2024 15:22,PXG0449,Ramachandran,Riaan,IN,5/5/1951,(113) 452-8690,riaanramachandran2@example.com,Passport,722000522.0,NRPS,,S65,,,3/17/2024 15:22,ZZ20240515AMDHYD2223,HK,PremiumEconomyClass,1,3,9,ZZ,2223,AMD,HYD,5/15/2024,5/15/2024 10:52,5/15/2024 19:30,5/15/2024 5:22,5/15/2024 14:00,2,3400
SIAT74,3/17/2024 15:22,QZU3772,Park,Michael,US,11/28/1962,(833) 484-2209,michaelpark3@example.com,Govt-Id,8818188333.0,,,S65,4809432041.0,Platinum,3/17/2024 15:22,ZZ20240515AMDHYD2223,HK,PremiumEconomyClass,1,3,9,ZZ,2223,AMD,HYD,5/15/2024,5/15/2024 10:52,5/15/2024 19:30,5/15/2024 5:22,5/15/2024 14:00,2,5000
SIAT74,3/17/2024 15:22,ALI9308,Phillips,Amy,US,10/20/1953,(667) 617-7530,amyphillips4@example.com,Driving License,400219000000.0,,,S65,8568243634.0,Platinum,3/17/2024 15:22,ZZ20240515AMDHYD2223,HK,PremiumEconomyClass,1,3,9,ZZ,2223,AMD,HYD,5/15/2024,5/15/2024 10:52,5/15/2024 19:30,5/15/2024 5:22,5/15/2024 14:00,2,5000
SIAT74,3/17/2024 15:22,OCH7762,Solanki,Pihu,IN,7/19/1948,(189) 294-3265,pihusolanki5@example.com,Govt-Id,5808947585.0,,,S65,6796414776.0,Platinum,3/17/2024 15:22,ZZ20240515AMDHYD2223,HK,PremiumEconomyClass,1,3,9,ZZ,2223,AMD,HYD,5/15/2024,5/15/2024 10:52,5/15/2024 19:30,5/15/2024 5:22,5/15/2024 14:00,2,5000
SIAT74,3/17/2024 15:22,DOO4677,Sims,Alicia,US,5/13/1951,(805) 579-6808,aliciasims6@example.com,Govt-Id,8257563703.0,,DEAF,S65,1055201949.0,Platinum,3/17/2024 15:22,ZZ20240515AMDHYD2223,HK,PremiumEconomyClass,1,3,9,ZZ,2223,AMD,HYD,5/15/2024,5/15/2024 10:52,5/15/2024 19:30,5/15/2024 5:22,5/15/2024 14:00,2,5200
SIAT74,3/17/2024 15:22,VZQ3455,Vasquez,Katherine,CA,5/4/1979,(374) 568-2795,katherinevasquez7@example.com,Driving License,173310000000.0,,,ADT,5550988178.0,Silver,3/17/2024 15:22,ZZ20240515AMDHYD2223,HK,PremiumEconomyClass,1,3,9,ZZ,2223,AMD,HYD,5/15/2024,5/15/2024 10:52,5/15/2024 19:30,5/15/2024 5:22,5/15/2024 14:00,2,4900
SIAT74,3/17/2024 15:22,BFV9125,White,Madison,CA,7/31/1967,(962) 212-1368,madisonwhite8@example.com,Govt-Id,4737643022.0,,,ADT,,,3/17/2024 15:22,ZZ20240515AMDHYD2223,HK,PremiumEconomyClass,1,3,9,ZZ,2223,AMD,HYD,5/15/2024,5/15/2024 10:52,5/15/2024 19:30,5/15/2024 5:22,5/15/2024 14:00,2,3400
SIAT74,3/17/2024 15:22,LJL3543,Zacharia,Shamik,IN,12/2/1940,(827) 849-9480,shamikzacharia9@example.com,Govt-Id,2150467748.0,NRSA,,S65,,,3/17/2024 15:22,ZZ20240515AMDHYD2223,HK,PremiumEconomyClass,1,3,9,ZZ,2223,AMD,HYD,5/15/2024,5/15/2024 10:52,5/15/2024 19:30,5/15/2024 5:22,5/15/2024 14:00,2,3400
FCHS82,3/17/2024 15:22,YDU8921,Owen,Robert,CA,12/15/1995,(285) 996-3699,robertowen1@example.com,Govt-Id,6160815909.0,NRPS,,ADT,3740520068.0,Gold,3/17/2024 15:22,ZZ20240515AMDHYD2223,HK,PremiumEconomyClass,1,2,1,ZZ,2223,AMD,HYD,5/15/2024,5/15/2024 10:52,5/15/2024 19:30,5/15/2024 5:22,5/15/2024 14:00,1,3700
MLKV35,3/17/2024 15:22,CTH5101,Thomas,Michael,CA,12/30/1949,(422) 371-5263,michaelthomas1@example.com,Govt-Id,4489910594.0,,,S65,7575552106.0,Platinum,3/17/2024 15:22,ZZ20240515AMDHYD2223,HK,PremiumEconomyClass,1,3,1,ZZ,2223,AMD,HYD,5/15/2024,5/15/2024 10:52,5/15/2024 19:30,5/15/2024 5:22,5/15/2024 14:00,2,3600
ZEOO27,3/17/2024 15:22,TBD4815,Navarro,Leslie,US,1/30/1989,(443) 814-3087,leslienavarro1@example.com,Govt-Id,4197078336.0,,,ADT,2392229757.0,Silver,3/17/2024 15:22,ZZ20240515AMDHYD2223,HK,PremiumEconomyClass,1,3,8,ZZ,2223,AMD,HYD,5/15/2024,5/15/2024 10:52,5/15/2024 19:30,5/15/2024 5:22,5/15/2024 14:00,2,4800
ZEOO27,3/17/2024 15:22,PUV1188,Bhatt,Lakshit,IN,4/14/1975,(906) 446-5295,lakshitbhatt2@example.com,Passport,961200268.0,,,ADT,,,3/17/2024 15:22,ZZ20240515AMDHYD2223,HK,PremiumEconomyClass,1,3,8,ZZ,2223,AMD,HYD,5/15/2024,5/15/2024 10:52,5/15/2024 19:30,5/15/2024 5:22,5/15/2024 14:00,2,3300
ZEOO27,3/17/2024 15:22,CEN5813,Burns,Tony,CA,3/21/1935,(271) 938-1074,tonyburns3@example.com,Govt-Id,3989085181.0,,,S65,1040982815.0,Silver,3/17/2024 15:22,ZZ20240515AMDHYD2223,HK,PremiumEconomyClass,1,3,8,ZZ,2223,AMD,HYD,5/15/2024,5/15/2024 10:52,5/15/2024 19:30,5/15/2024 5:22,5/15/2024 14:00,2,4600
ZEOO27,3/17/2024 15:22,QSF9056,Adams,Steven,US,10/14/1948,(137) 996-1238,stevenadams4@example.com,Passport,752605556.0,,,S65,8993808179.0,Gold,3/17/2024 15:22,ZZ20240515AMDHYD2223,HK,PremiumEconomyClass,1,3,8,ZZ,2223,AMD,HYD,5/15/2024,5/15/2024 10:52,5/15/2024 19:30,5/15/2024 5:22,5/15/2024 14:00,2,4700
ZEOO27,3/17/2024 15:22,UFO3688,Jimenez,John,CA,8/20/2003,(337) 725-2654,johnjimenez5@example.com,Govt-Id,3690613819.0,,,ADT,,,3/17/2024 15:22,ZZ20240515AMDHYD2223,HK,PremiumEconomyClass,1,3,8,ZZ,2223,AMD,HYD,5/15/2024,5/15/2024 10:52,5/15/2024 19:30,5/15/2024 5:22,5/15/2024 14:00,2,3300
ZEOO27,3/17/2024 15:22,AJA7615,Rogers,Stacy,CA,12/23/1940,(295) 558-1087,stacyrogers6@example.com,Govt-Id,331582665.0,,,S65,,,3/17/2024 15:22,ZZ20240515AMDHYD2223,HK,PremiumEconomyClass,1,3,8,ZZ,2223,AMD,HYD,5/15/2024,5/15/2024 10:52,5/15/2024 19:30,5/15/2024 5:22,5/15/2024 14:00,2,3100
ZEOO27,3/17/2024 15:22,VGE4204,Harris,Sandra,US,2/14/1964,(593) 267-3833,sandraharris7@example.com,Passport,743851390.0,,,ADT,5611107709.0,Platinum,3/17/2024 15:22,ZZ20240515AMDHYD2223,HK,PremiumEconomyClass,1,3,8,ZZ,2223,AMD,HYD,5/15/2024,5/15/2024 10:52,5/15/2024 19:30,5/15/2024 5:22,5/15/2024 14:00,2,5100
ZEOO27,3/17/2024 15:22,MIH2757,Bala,Veer,IN,6/17/1967,(579) 883-3993,veerbala8@example.com,Driving License,572732000000.0,,,ADT,684438134.0,Gold,3/17/2024 15:22,ZZ20240515AMDHYD2223,HK,PremiumEconomyClass,1,3,8,ZZ,2223,AMD,HYD,5/15/2024,5/15/2024 10:52,5/15/2024 19:30,5/15/2024 5:22,5/15/2024 14:00,2,4900
FKGJ64,3/17/2024 15:22,AQR8720,Maddox,Kelly,CA,10/31/1964,(362) 842-2398,kellymaddox1@example.com,Passport,767776682.0,NRPS,,ADT,851678834.0,Gold,3/17/2024 15:22,ZZ20240515AMDHYD2223,HK,PremiumEconomyClass,1,1,2,ZZ,2223,AMD,HYD,5/15/2024,5/15/2024 10:52,5/15/2024 19:30,5/15/2024 5:22,5/15/2024 14:00,0,4300
FKGJ64,3/17/2024 15:22,OHB7037,Nichols,Robert,CA,11/1/1994,(554) 305-8151,robertnichols2@example.com,Passport,470529261.0,,,ADT,1240776719.0,Platinum,3/17/2024 15:22,ZZ20240515AMDHYD2223,HK,PremiumEconomyClass,1,1,2,ZZ,2223,AMD,HYD,5/15/2024,5/15/2024 10:52,5/15/2024 19:30,5/15/2024 5:22,5/15/2024 14:00,0,4300
GYBJ90,3/17/2024 15:22,UNL1112,Foley,Brandon,US,2/12/1979,(786) 884-1000,brandonfoley1@example.com,Driving License,933667000000.0,,,ADT,9997509160.0,Silver,3/17/2024 15:22,ZZ20240515AMDHYD2223,HK,PremiumEconomyClass,1,2,2,ZZ,2223,AMD,HYD,5/15/2024,5/15/2024 10:52,5/15/2024 19:30,5/15/2024 5:22,5/15/2024 14:00,1,4100
GYBJ90,3/17/2024 15:22,LBH8598,Mcintosh,Brenda,CA,9/14/1991,(949) 974-7947,brendamcintosh2@example.com,Driving License,487344000000.0,,,ADT,1800813735.0,Platinum,3/17/2024 15:22,ZZ20240515AMDHYD2223,HK,PremiumEconomyClass,1,2,2,ZZ,2223,AMD,HYD,5/15/2024,5/15/2024 10:52,5/15/2024 19:30,5/15/2024 5:22,5/15/2024 14:00,1,4400
TZGR21,3/17/2024 15:22,ZMB9553,Romero,Susan,CA,8/19/1977,(520) 558-9283,susanromero1@example.com,Driving License,237683000000.0,,,ADT,1037106645.0,Silver,3/17/2024 15:22,ZZ20240515AMDHYD2223,HK,PremiumEconomyClass,1,4,3,ZZ,2223,AMD,HYD,5/15/2024,5/15/2024 10:52,5/15/2024 19:30,5/15/2024 5:22,5/15/2024 14:00,3,4400
TZGR21,3/17/2024 15:22,ITY6461,Mullins,Tracy,US,1/7/1998,(488) 895-8587,tracymullins2@example.com,Govt-Id,7320177609.0,,,ADT,4461997985.0,Gold,3/17/2024 15:22,ZZ20240515AMDHYD2223,HK,PremiumEconomyClass,1,4,3,ZZ,2223,AMD,HYD,5/15/2024,5/15/2024 10:52,5/15/2024 19:30,5/15/2024 5:22,5/15/2024 14:00,3,4500
TZGR21,3/17/2024 15:22,BEN9293,Jain,Aradhya,IN,9/24/2021,(480) 984-8978,aradhyajain3@example.com,Passport,301300954.0,,,INF,5810341443.0,Gold,3/17/2024 15:22,ZZ20240515AMDHYD2223,HK,PremiumEconomyClass,1,4,3,ZZ,2223,AMD,HYD,5/15/2024,5/15/2024 10:52,5/15/2024 19:30,5/15/2024 5:22,5/15/2024 14:00,3,4500
IUOE88,3/17/2024 15:22,SSP5858,Tara,Dhanuk,IN,10/3/1983,(545) 580-3932,dhanuktara1@example.com,Driving License,170120000000.0,,,ADT,6937112016.0,Platinum,3/17/2024 15:22,ZZ20240515AMDHYD2223,HK,PremiumEconomyClass,1,2,9,ZZ,2223,AMD,HYD,5/15/2024,5/15/2024 10:52,5/15/2024 19:30,5/15/2024 5:22,5/15/2024 14:00,1,5100
IUOE88,3/17/2024 15:22,CRN5511,Varghese,Dishani,IN,9/28/1970,(495) 792-4598,dishanivarghese2@example.com,Govt-Id,6855327283.0,,,ADT,7142677951.0,Gold,3/17/2024 15:22,ZZ20240515AMDHYD2223,HK,PremiumEconomyClass,1,2,9,ZZ,2223,AMD,HYD,5/15/2024,5/15/2024 10:52,5/15/2024 19:30,5/15/2024 5:22,5/15/2024 14:00,1,4900
IUOE88,3/17/2024 15:22,GYQ5822,Mosley,Amber,CA,9/25/2003,(196) 359-6184,ambermosley3@example.com,Govt-Id,8381287947.0,,,ADT,8851384089.0,Platinum,3/17/2024 15:22,ZZ20240515AMDHYD2223,HK,PremiumEconomyClass,1,2,9,ZZ,2223,AMD,HYD,5/15/2024,5/15/2024 10:52,5/15/2024 19:30,5/15/2024 5:22,5/15/2024 14:00,1,5100
IUOE88,3/17/2024 15:22,RDA5956,Singleton,Paul,US,2/17/1998,(422) 877-4324,paulsingleton4@example.com,Passport,925261623.0,,,ADT,3756666860.0,Gold,3/17/2024 15:22,ZZ20240515AMDHYD2223,HK,PremiumEconomyClass,1,2,9,ZZ,2223,AMD,HYD,5/15/2024,5/15/2024 10:52,5/15/2024 19:30,5/15/2024 5:22,5/15/2024 14:00,1,4900
IUOE88,3/17/2024 15:22,PEA5364,Blevins,Isaac,US,12/18/1943,(615) 136-7322,isaacblevins5@example.com,Govt-Id,7983021351.0,,,S65,5425913085.0,Gold,3/17/2024 15:22,ZZ20240515AMDHYD2223,HK,PremiumEconomyClass,1,2,9,ZZ,2223,AMD,HYD,5/15/2024,5/15/2024 10:52,5/15/2024 19:30,5/15/2024 5:22,5/15/2024 14:00,1,4700
IUOE88,3/17/2024 15:22,WXD5583,Ravel,Ivana,IN,10/22/2021,(851) 124-4602,ivanaravel6@example.com,Govt-Id,3623203337.0,,,INF,3355136618.0,Silver,3/17/2024 15:22,ZZ20240515AMDHYD2223,HK,PremiumEconomyClass,1,2,9,ZZ,2223,AMD,HYD,5/15/2024,5/15/2024 10:52,5/15/2024 19:30,5/15/2024 5:22,5/15/2024 14:00,1,4800
IUOE88,3/17/2024 15:22,YZJ7395,Ganguly,Lagan,IN,1/29/2003,(806) 374-1332,laganganguly7@example.com,Driving License,569272000000.0,NRPS,,ADT,6871384174.0,Platinum,3/17/2024 15:22,ZZ20240515AMDHYD2223,HK,PremiumEconomyClass,1,2,9,ZZ,2223,AMD,HYD,5/15/2024,5/15/2024 10:52,5/15/2024 19:30,5/15/2024 5:22,5/15/2024 14:00,1,5300
IUOE88,3/17/2024 15:22,PXA4107,Kalla,Khushi,IN,12/26/2021,(419) 540-6193,khushikalla8@example.com,Govt-Id,2336165577.0,,,INS,291226372.0,Gold,3/17/2024 15:22,ZZ20240515AMDHYD2223,HK,PremiumEconomyClass,1,2,9,ZZ,2223,AMD,HYD,5/15/2024,5/15/2024 10:52,5/15/2024 19:30,5/15/2024 5:22,5/15/2024 14:00,1,4900
IUOE88,3/17/2024 15:22,YIG9910,Moore,Misty,US,8/20/2019,(824) 124-3458,mistymoore9@example.com,Govt-Id,7404701126.0,,,,,,3/17/2024 15:22,ZZ20240515AMDHYD2223,HK,PremiumEconomyClass,1,2,9,ZZ,2223,AMD,HYD,5/15/2024,5/15/2024 10:52,5/15/2024 19:30,5/15/2024 5:22,5/15/2024 14:00,1,3100
ZCVH22,3/17/2024 15:22,VIG8837,Macdonald,Michael,CA,10/18/2021,(802) 155-1594,michaelmacdonald1@example.com,Passport,115181000000.0,,,INF,2856372981.0,Gold,3/17/2024 15:22,ZZ20240515AMDHYD2223,HK,PremiumEconomyClass,1,2,6,ZZ,2223,AMD,HYD,5/15/2024,5/15/2024 10:52,5/15/2024 19:30,5/15/2024 5:22,5/15/2024 14:00,1,4600
ZCVH22,3/17/2024 15:22,DRD3155,Poole,Eric,US,7/3/2011,(238) 322-3692,ericpoole2@example.com,Passport,244528435.0,,,CHD,,,3/17/2024 15:22,ZZ20240515AMDHYD2223,HK,PremiumEconomyClass,1,2,6,ZZ,2223,AMD,HYD,5/15/2024,5/15/2024 10:52,5/15/2024 19:30,5/15/2024 5:22,5/15/2024 14:00,1,2800
ZCVH22,3/17/2024 15:22,NGS8841,Kaufman,Madison,CA,6/25/1985,(646) 413-5590,madisonkaufman3@example.com,Passport,651842858.0,,,ADT,6251265525.0,Gold,3/17/2024 15:22,ZZ20240515AMDHYD2223,HK,PremiumEconomyClass,1,2,6,ZZ,2223,AMD,HYD,5/15/2024,5/15/2024 10:52,5/15/2024 19:30,5/15/2024 5:22,5/15/2024 14:00,1,4600
ZCVH22,3/17/2024 15:22,YIS0276,Smith,James,CA,9/3/1975,(441) 814-2482,jamessmith4@example.com,Driving License,92427270577.0,,,ADT,,,3/17/2024 15:22,ZZ20240515AMDHYD2223,HK,PremiumEconomyClass,1,2,6,ZZ,2223,AMD,HYD,5/15/2024,5/15/2024 10:52,5/15/2024 19:30,5/15/2024 5:22,5/15/2024 14:00,1,3000
ZCVH22,3/17/2024 15:22,CNV3067,Wilson,Teresa,US,9/21/2017,(317) 545-2058,teresawilson5@example.com,Passport,141543248.0,NRSA,,CHD,,,3/17/2024 15:22,ZZ20240515AMDHYD2223,HK,PremiumEconomyClass,1,2,6,ZZ,2223,AMD,HYD,5/15/2024,5/15/2024 10:52,5/15/2024 19:30,5/15/2024 5:22,5/15/2024 14:00,1,3000
ZCVH22,3/17/2024 15:22,NSF9760,Palmer,Eric,CA,9/21/2017,(990) 946-1444,ericpalmer6@example.com,Passport,476248343.0,NRPS,,CHD,7408498143.0,Gold,3/17/2024 15:22,ZZ20240515AMDHYD2223,HK,PremiumEconomyClass,1,2,6,ZZ,2223,AMD,HYD,5/15/2024,5/15/2024 10:52,5/15/2024 19:30,5/15/2024 5:22,5/15/2024 14:00,1,4600
TBYQ49,3/17/2024 15:22,XGX9066,Sehgal,Anahita,IN,11/3/1968,(218) 862-5928,anahitasehgal1@example.com,Driving License,808654000000.0,,BLND,ADT,2110721235.0,Platinum,3/17/2024 15:22,ZZ20240515AMDHYD2223,HK,PremiumEconomyClass,1,2,3,ZZ,2223,AMD,HYD,5/15/2024,5/15/2024 10:52,5/15/2024 19:30,5/15/2024 5:22,5/15/2024 14:00,1,4700
TBYQ49,3/17/2024 15:22,DPY7818,Carter,Donna,CA,6/3/1959,(534) 637-2930,donnacarter2@example.com,Driving License,264293000000.0,,,S65,,,3/17/2024 15:22,ZZ20240515AMDHYD2223,HK,PremiumEconomyClass,1,2,3,ZZ,2223,AMD,HYD,5/15/2024,5/15/2024 10:52,5/15/2024 19:30,5/15/2024 5:22,5/15/2024 14:00,1,2500
TBYQ49,3/17/2024 15:22,DDB3378,Edwin,Lavanya,IN,8/16/1971,(574) 915-6063,lavanyaedwin3@example.com,Govt-Id,8216403221.0,,,ADT,,,3/17/2024 15:22,ZZ20240515AMDHYD2223,HK,PremiumEconomyClass,1,2,3,ZZ,2223,AMD,HYD,5/15/2024,5/15/2024 10:52,5/15/2024 19:30,5/15/2024 5:22,5/15/2024 14:00,1,2700
TCPU67,3/17/2024 15:22,ZHC4585,Guzman,Paul,US,1/29/1941,(759) 463-4287,paulguzman1@example.com,Passport,729551313.0,NRSA,DEAF,S65,,,3/17/2024 15:22,ZZ20240515AMDHYD2223,HK,EconomyClass,1,3,3,ZZ,2223,AMD,HYD,5/15/2024,5/15/2024 10:52,5/15/2024 19:30,5/15/2024 5:22,5/15/2024 14:00,2,2900
TCPU67,3/17/2024 15:22,GSJ1595,Sastry,Sahil,IN,3/28/1965,(580) 154-3284,sahilsastry2@example.com,Driving License,755414000000.0,NRPS,,ADT,,,3/17/2024 15:22,ZZ20240515AMDHYD2223,HK,EconomyClass,1,3,3,ZZ,2223,AMD,HYD,5/15/2024,5/15/2024 10:52,5/15/2024 19:30,5/15/2024 5:22,5/15/2024 14:00,2,2900
TCPU67,3/17/2024 15:22,FVU8674,Jenkins,Anthony,US,1/5/2016,(880) 414-3600,anthonyjenkins3@example.com,Passport,450045985.0,,,CHD,,,3/17/2024 15:22,ZZ20240515AMDHYD2223,HK,EconomyClass,1,3,3,ZZ,2223,AMD,HYD,5/15/2024,5/15/2024 10:52,5/15/2024 19:30,5/15/2024 5:22,5/15/2024 14:00,2,2500
RRMM37,3/17/2024 15:22,KQD1435,Sur,Urvi,IN,1/23/1942,(388) 814-8211,urvisur1@example.com,Driving License,980870000000.0,,,S65,4671275851.0,Silver,3/17/2024 15:22,ZZ20240515AMDHYD2223,HK,EconomyClass,1,4,5,ZZ,2223,AMD,HYD,5/15/2024,5/15/2024 10:52,5/15/2024 19:30,5/15/2024 5:22,5/15/2024 14:00,3,4300
RRMM37,3/17/2024 15:22,EEL0159,Yogi,Riya,IN,2/4/1940,(489) 974-1522,riyayogi2@example.com,Driving License,263815000000.0,,,S65,6105456329.0,Silver,3/17/2024 15:22,ZZ20240515AMDHYD2223,HK,EconomyClass,1,4,5,ZZ,2223,AMD,HYD,5/15/2024,5/15/2024 10:52,5/15/2024 19:30,5/15/2024 5:22,5/15/2024 14:00,3,4300
RRMM37,3/17/2024 15:22,LLV2921,Miller,Brian,CA,3/12/1950,(314) 235-6809,brianmiller3@example.com,Passport,910977041.0,NRPS,,S65,6686502574.0,Platinum,3/17/2024 15:22,ZZ20240515AMDHYD2223,HK,EconomyClass,1,4,5,ZZ,2223,AMD,HYD,5/15/2024,5/15/2024 10:52,5/15/2024 19:30,5/15/2024 5:22,5/15/2024 14:00,3,4800
RRMM37,3/17/2024 15:22,CVD7279,Williams,Carl,US,3/1/2001,(777) 534-7522,carlwilliams4@example.com,Driving License,128380000000.0,,,ADT,6903923848.0,Silver,3/17/2024 15:22,ZZ20240515AMDHYD2223,HK,EconomyClass,1,4,5,ZZ,2223,AMD,HYD,5/15/2024,5/15/2024 10:52,5/15/2024 19:30,5/15/2024 5:22,5/15/2024 14:00,3,4500
RRMM37,3/17/2024 15:22,XFS8870,Dani,Siya,IN,10/29/1958,(124) 860-6252,siyadani5@example.com,Passport,239898022.0,,,S65,8167079324.0,Platinum,3/17/2024 15:22,ZZ20240515AMDHYD2223,HK,EconomyClass,1,4,5,ZZ,2223,AMD,HYD,5/15/2024,5/15/2024 10:52,5/15/2024 19:30,5/15/2024 5:22,5/15/2024 14:00,3,4600
WEDU19,3/17/2024 15:22,ACE5465,Warren,Keith,US,12/21/1957,(853) 969-8841,keithwarren1@example.com,Passport,603495077.0,,,S65,,,3/17/2024 15:22,ZZ20240515AMDHYD2223,HK,EconomyClass,1,2,3,ZZ,2223,AMD,HYD,5/15/2024,5/15/2024 10:52,5/15/2024 19:30,5/15/2024 5:22,5/15/2024 14:00,1,2400
WEDU19,3/17/2024 15:22,OXP9151,Dugal,Ayesha,IN,6/8/2003,(294) 780-3324,ayeshadugal2@example.com,Govt-Id,6918126299.0,,,ADT,3383326500.0,Platinum,3/17/2024 15:22,ZZ20240515AMDHYD2223,HK,EconomyClass,1,2,3,ZZ,2223,AMD,HYD,5/15/2024,5/15/2024 10:52,5/15/2024 19:30,5/15/2024 5:22,5/15/2024 14:00,1,4400
WEDU19,3/17/2024 15:22,OFW1963,Hall,James,US,9/4/1945,(706) 907-7098,jameshall3@example.com,Driving License,358792000000.0,,,S65,,,3/17/2024 15:22,ZZ20240515AMDHYD2223,HK,EconomyClass,1,2,3,ZZ,2223,AMD,HYD,5/15/2024,5/15/2024 10:52,5/15/2024 19:30,5/15/2024 5:22,5/15/2024 14:00,1,2400
NYVZ77,3/17/2024 15:22,CPO9795,Jackson,Clarence,US,11/5/1938,(362) 757-9202,clarencejackson1@example.com,Passport,459450063.0,,,S65,6228019602.0,Gold,3/17/2024 15:22,ZZ20240515AMDHYD2223,HK,EconomyClass,1,3,3,ZZ,2223,AMD,HYD,5/15/2024,5/15/2024 10:52,5/15/2024 19:30,5/15/2024 5:22,5/15/2024 14:00,2,4100
NYVZ77,3/17/2024 15:22,ISK8782,French,Megan,US,1/5/2019,(791) 487-6653,meganfrench2@example.com,Govt-Id,1946180266.0,NRSA,,,6424899296.0,Silver,3/17/2024 15:22,ZZ20240515AMDHYD2223,HK,EconomyClass,1,3,3,ZZ,2223,AMD,HYD,5/15/2024,5/15/2024 10:52,5/15/2024 19:30,5/15/2024 5:22,5/15/2024 14:00,2,4200
NYVZ77,3/17/2024 15:22,QXG0358,Hammond,Judy,CA,4/1/1945,(665) 687-3484,judyhammond3@example.com,Govt-Id,7377735624.0,NRPS,,S65,,,3/17/2024 15:22,ZZ20240515AMDHYD2223,HK,EconomyClass,1,3,3,ZZ,2223,AMD,HYD,5/15/2024,5/15/2024 10:52,5/15/2024 19:30,5/15/2024 5:22,5/15/2024 14:00,2,2700
YUGQ23,3/17/2024 15:22,JOL8490,Morrison,Emma,CA,4/30/1973,(828) 187-4320,emmamorrison1@example.com,Passport,559626323.0,,,ADT,5895532984.0,Gold,3/17/2024 15:22,ZZ20240515AMDHYD2223,HK,EconomyClass,1,4,3,ZZ,2223,AMD,HYD,5/15/2024,5/15/2024 10:52,5/15/2024 19:30,5/15/2024 5:22,5/15/2024 14:00,3,4400
YUGQ23,3/17/2024 15:22,HLG1021,Sinha,Aradhya,IN,1/19/1966,(324) 641-4649,aradhyasinha2@example.com,Passport,184185546.0,,,ADT,3236293104.0,Gold,3/17/2024 15:22,ZZ20240515AMDHYD2223,HK,EconomyClass,1,4,3,ZZ,2223,AMD,HYD,5/15/2024,5/15/2024 10:52,5/15/2024 19:30,5/15/2024 5:22,5/15/2024 14:00,3,4400
YUGQ23,3/17/2024 15:22,NKY9161,Woods,Aaron,CA,4/1/1962,(458) 375-9296,aaronwoods3@example.com,Driving License,954532000000.0,,,S65,5667170074.0,Silver,3/17/2024 15:22,ZZ20240515AMDHYD2223,HK,EconomyClass,1,4,3,ZZ,2223,AMD,HYD,5/15/2024,5/15/2024 10:52,5/15/2024 19:30,5/15/2024 5:22,5/15/2024 14:00,3,4100
WVRL59,3/17/2024 15:22,DHN8411,Gulati,Shlok,IN,2/2/1966,(585) 398-4900,shlokgulati1@example.com,Passport,989002018.0,,,ADT,9452138439.0,Silver,3/17/2024 15:22,ZZ20240515AMDHYD2223,HK,EconomyClass,1,4,8,ZZ,2223,AMD,HYD,5/15/2024,5/15/2024 10:52,5/15/2024 19:30,5/15/2024 5:22,5/15/2024 14:00,3,4800
WVRL59,3/17/2024 15:22,KRJ2949,Hari,Stuvan,IN,4/6/1998,(674) 929-4333,stuvanhari2@example.com,Govt-Id,2306623471.0,,,ADT,,,3/17/2024 15:22,ZZ20240515AMDHYD2223,HK,EconomyClass,1,4,8,ZZ,2223,AMD,HYD,5/15/2024,5/15/2024 10:52,5/15/2024 19:30,5/15/2024 5:22,5/15/2024 14:00,3,3300
WVRL59,3/17/2024 15:22,LLA6542,Good,Tiffany,CA,9/13/1964,(879) 318-2361,tiffanygood3@example.com,Passport,911870299.0,,,ADT,,,3/17/2024 15:22,ZZ20240515AMDHYD2223,HK,EconomyClass,1,4,8,ZZ,2223,AMD,HYD,5/15/2024,5/15/2024 10:52,5/15/2024 19:30,5/15/2024 5:22,5/15/2024 14:00,3,3300
WVRL59,3/17/2024 15:22,WVH7401,Nelson,Margaret,US,2/5/1935,(890) 873-8725,margaretnelson4@example.com,Passport,222562760.0,,,S65,6079595376.0,Gold,3/17/2024 15:22,ZZ20240515AMDHYD2223,HK,EconomyClass,1,4,8,ZZ,2223,AMD,HYD,5/15/2024,5/15/2024 10:52,5/15/2024 19:30,5/15/2024 5:22,5/15/2024 14:00,3,4700
WVRL59,3/17/2024 15:22,QLQ2315,Trivedi,Samiha,IN,1/16/1959,(261) 341-1399,samihatrivedi5@example.com,Govt-Id,624838301.0,,,S65,4485903195.0,Silver,3/17/2024 15:22,ZZ20240515AMDHYD2223,HK,EconomyClass,1,4,8,ZZ,2223,AMD,HYD,5/15/2024,5/15/2024 10:52,5/15/2024 19:30,5/15/2024 5:22,5/15/2024 14:00,3,4600
WVRL59,3/17/2024 15:22,VSP3292,Buchanan,Marcus,US,8/25/2004,(703) 661-7507,marcusbuchanan6@example.com,Govt-Id,3173934795.0,,,ADT,944333747.0,Gold,3/17/2024 15:22,ZZ20240515AMDHYD2223,HK,EconomyClass,1,4,8,ZZ,2223,AMD,HYD,5/15/2024,5/15/2024 10:52,5/15/2024 19:30,5/15/2024 5:22,5/15/2024 14:00,3,4900
WVRL59,3/17/2024 15:22,MGG1782,Zamora,Beverly,US,6/11/1982,(657) 265-9816,beverlyzamora7@example.com,Driving License,988651000000.0,,,ADT,1330667451.0,Silver,3/17/2024 15:22,ZZ20240515AMDHYD2223,HK,EconomyClass,1,4,8,ZZ,2223,AMD,HYD,5/15/2024,5/15/2024 10:52,5/15/2024 19:30,5/15/2024 5:22,5/15/2024 14:00,3,4800
WVRL59,3/17/2024 15:22,PUY7766,Rodriguez,Carrie,US,4/14/1955,(655) 383-3154,carrierodriguez8@example.com,Passport,17974871.0,,,S65,398110637.0,Silver,3/17/2024 15:22,ZZ20240515AMDHYD2223,HK,EconomyClass,1,4,8,ZZ,2223,AMD,HYD,5/15/2024,5/15/2024 10:52,5/15/2024 19:30,5/15/2024 5:22,5/15/2024 14:00,3,4600
MOMN32,3/17/2024 15:22,QMT9577,Walker,Chelsea,US,5/28/1967,(702) 227-4974,chelseawalker1@example.com,Passport,814325689.0,,,ADT,,,3/17/2024 15:22,ZZ20240515AMDHYD2223,HK,EconomyClass,1,4,2,ZZ,2223,AMD,HYD,5/15/2024,5/15/2024 10:52,5/15/2024 19:30,5/15/2024 5:22,5/15/2024 14:00,3,2700
MOMN32,3/17/2024 15:22,DHQ5485,Vig,Lakshay,IN,3/7/1999,(400) 522-1309,lakshayvig2@example.com,Passport,977916916.0,,,ADT,,,3/17/2024 15:22,ZZ20240515AMDHYD2223,HK,EconomyClass,1,4,2,ZZ,2223,AMD,HYD,5/15/2024,5/15/2024 10:52,5/15/2024 19:30,5/15/2024 5:22,5/15/2024 14:00,3,2700
ARVE32,3/17/2024 15:22,WQJ4153,Cisneros,Julie,CA,3/13/1962,(715) 287-6157,juliecisneros1@example.com,Govt-Id,1540827521.0,,,S65,1113129872.0,Platinum,3/17/2024 15:22,ZZ20240515AMDHYD2223,HK,EconomyClass,1,2,3,ZZ,2223,AMD,HYD,5/15/2024,5/15/2024 10:52,5/15/2024 19:30,5/15/2024 5:22,5/15/2024 14:00,1,4200
ARVE32,3/17/2024 15:22,VFV5409,Goda,Mannat,IN,3/4/1937,(591) 928-7979,mannatgoda2@example.com,Driving License,853908000000.0,,,S65,5435857173.0,Platinum,3/17/2024 15:22,ZZ20240515AMDHYD2223,HK,EconomyClass,1,2,3,ZZ,2223,AMD,HYD,5/15/2024,5/15/2024 10:52,5/15/2024 19:30,5/15/2024 5:22,5/15/2024 14:00,1,4200
ARVE32,3/17/2024 15:22,POH9820,Montoya,Robert,CA,2/14/1959,(879) 964-5079,robertmontoya3@example.com,Govt-Id,450720515.0,,,S65,,,3/17/2024 15:22,ZZ20240515AMDHYD2223,HK,EconomyClass,1,2,3,ZZ,2223,AMD,HYD,5/15/2024,5/15/2024 10:52,5/15/2024 19:30,5/15/2024 5:22,5/15/2024 14:00,1,2400
SPWX52,3/17/2024 15:22,PSW7891,Sani,Anika,IN,7/5/1981,(523) 165-2416,anikasani1@example.com,Driving License,58246117521.0,,,ADT,6056083596.0,Platinum,3/17/2024 15:22,ZZ20240515AMDHYD2223,HK,EconomyClass,1,4,2,ZZ,2223,AMD,HYD,5/15/2024,5/15/2024 10:52,5/15/2024 19:30,5/15/2024 5:22,5/15/2024 14:00,3,4500
SPWX52,3/17/2024 15:22,LAT7154,Shankar,Ishaan,IN,7/26/1970,(558) 221-9890,ishaanshankar2@example.com,Driving License,767238000000.0,,,ADT,,,3/17/2024 15:22,ZZ20240515AMDHYD2223,HK,EconomyClass,1,4,2,ZZ,2223,AMD,HYD,5/15/2024,5/15/2024 10:52,5/15/2024 19:30,5/15/2024 5:22,5/15/2024 14:00,3,2700
IMXQ51,3/17/2024 15:22,HHM5642,Dunn,Megan,US,1/8/1981,(525) 833-5665,megandunn1@example.com,Driving License,628182000000.0,,,ADT,,,3/17/2024 15:22,ZZ20240515AMDHYD2223,HK,EconomyClass,1,3,3,ZZ,2223,AMD,HYD,5/15/2024,5/15/2024 10:52,5/15/2024 19:30,5/15/2024 5:22,5/15/2024 14:00,2,2700
IMXQ51,3/17/2024 15:22,FPS6829,Jones,Kenneth,US,12/26/1961,(340) 110-7527,kennethjones2@example.com,Govt-Id,9221609547.0,,,S65,,,3/17/2024 15:22,ZZ20240515AMDHYD2223,HK,EconomyClass,1,3,3,ZZ,2223,AMD,HYD,5/15/2024,5/15/2024 10:52,5/15/2024 19:30,5/15/2024 5:22,5/15/2024 14:00,2,2500
IMXQ51,3/17/2024 15:22,BVT2835,Agate,Lagan,IN,8/16/1949,(143) 492-4175,laganagate3@example.com,Govt-Id,7970578372.0,,,S65,7657013579.0,Platinum,3/17/2024 15:22,ZZ20240515AMDHYD2223,HK,EconomyClass,1,3,3,ZZ,2223,AMD,HYD,5/15/2024,5/15/2024 10:52,5/15/2024 19:30,5/15/2024 5:22,5/15/2024 14:00,2,4300
WGUN62,3/17/2024 15:22,QDL8356,Barad,Samaira,IN,9/6/1943,(937) 152-9905,samairabarad1@example.com,Govt-Id,2944068174.0,,,S65,7728247295.0,Platinum,3/17/2024 15:22,ZZ20240515AMDHYD2223,HK,EconomyClass,1,1,3,ZZ,2223,AMD,HYD,5/15/2024,5/15/2024 10:52,5/15/2024 19:30,5/15/2024 5:22,5/15/2024 14:00,0,4100
WGUN62,3/17/2024 15:22,MOX0194,Divan,Mamooty,IN,6/20/1980,(876) 988-5099,mamootydivan2@example.com,Passport,772643166.0,,,ADT,,,3/17/2024 15:22,ZZ20240515AMDHYD2223,HK,EconomyClass,1,1,3,ZZ,2223,AMD,HYD,5/15/2024,5/15/2024 10:52,5/15/2024 19:30,5/15/2024 5:22,5/15/2024 14:00,0,2500
WGUN62,3/17/2024 15:22,ZIM3075,Richardson,Roy,CA,3/5/1954,(432) 524-7580,royrichardson3@example.com,Govt-Id,4284936713.0,,,S65,4016957296.0,Silver,3/17/2024 15:22,ZZ20240515AMDHYD2223,HK,EconomyClass,1,1,3,ZZ,2223,AMD,HYD,5/15/2024,5/15/2024 10:52,5/15/2024 19:30,5/15/2024 5:22,5/15/2024 14:00,0,3800
VRCN34,3/17/2024 15:22,QZB5053,Andrews,Michael,CA,2/22/2004,(673) 167-8518,michaelandrews1@example.com,Govt-Id,1487227257.0,,,ADT,6260747399.0,Platinum,3/17/2024 15:22,ZZ20240515AMDHYD2223,HK,EconomyClass,1,4,7,ZZ,2223,AMD,HYD,5/15/2024,5/15/2024 10:52,5/15/2024 19:30,5/15/2024 5:22,5/15/2024 14:00,3,5000
VRCN34,3/17/2024 15:22,WSY1648,Sarna,Pihu,IN,11/22/1999,(115) 890-4099,pihusarna2@example.com,Driving License,653109000000.0,,,ADT,,,3/17/2024 15:22,ZZ20240515AMDHYD2223,HK,EconomyClass,1,4,7,ZZ,2223,AMD,HYD,5/15/2024,5/15/2024 10:52,5/15/2024 19:30,5/15/2024 5:22,5/15/2024 14:00,3,3200
VRCN34,3/17/2024 15:22,BPD0164,Bose,Hiran,IN,10/4/2006,(323) 390-9132,hiranbose3@example.com,Govt-Id,425807546.0,,,CHD,5196042047.0,Platinum,3/17/2024 15:22,ZZ20240515AMDHYD2223,HK,EconomyClass,1,4,7,ZZ,2223,AMD,HYD,5/15/2024,5/15/2024 10:52,5/15/2024 19:30,5/15/2024 5:22,5/15/2024 14:00,3,4800
VRCN34,3/17/2024 15:22,SMI3857,Bartlett,Calvin,CA,12/26/1987,(963) 256-3946,calvinbartlett4@example.com,Driving License,234825000000.0,,,ADT,,,3/17/2024 15:22,ZZ20240515AMDHYD2223,HK,EconomyClass,1,4,7,ZZ,2223,AMD,HYD,5/15/2024,5/15/2024 10:52,5/15/2024 19:30,5/15/2024 5:22,5/15/2024 14:00,3,3200
VRCN34,3/17/2024 15:22,IZG5991,Hall,Paul,US,6/15/1997,(394) 193-5006,paulhall5@example.com,Driving License,154262000000.0,,,ADT,219684398.0,Silver,3/17/2024 15:22,ZZ20240515AMDHYD2223,HK,EconomyClass,1,4,7,ZZ,2223,AMD,HYD,5/15/2024,5/15/2024 10:52,5/15/2024 19:30,5/15/2024 5:22,5/15/2024 14:00,3,4700
VRCN34,3/17/2024 15:22,BQN3528,Braun,Andrew,US,6/17/1982,(722) 239-1767,andrewbraun6@example.com,Govt-Id,3644867778.0,NRSA,,ADT,5592686733.0,Gold,3/17/2024 15:22,ZZ20240515AMDHYD2223,HK,EconomyClass,1,4,7,ZZ,2223,AMD,HYD,5/15/2024,5/15/2024 10:52,5/15/2024 19:30,5/15/2024 5:22,5/15/2024 14:00,3,5000
VRCN34,3/17/2024 15:22,RGN9143,Sanford,Anthony,CA,11/14/1983,(943) 491-4586,anthonysanford7@example.com,Govt-Id,6991305672.0,,,ADT,,,3/17/2024 15:22,ZZ20240515AMDHYD2223,HK,EconomyClass,1,4,7,ZZ,2223,AMD,HYD,5/15/2024,5/15/2024 10:52,5/15/2024 19:30,5/15/2024 5:22,5/15/2024 14:00,3,3200
SBDE91,3/17/2024 15:22,HNX9437,Vargas,Tamara,CA,5/5/1941,(418) 570-2054,tamaravargas1@example.com,Passport,140645901.0,NRSA,,S65,3021639168.0,Gold,3/17/2024 15:22,ZZ20240515AMDHYD2223,HK,EconomyClass,1,3,6,ZZ,2223,AMD,HYD,5/15/2024,5/15/2024 10:52,5/15/2024 19:30,5/15/2024 5:22,5/15/2024 14:00,2,4600
SBDE91,3/17/2024 15:22,UER6392,Morris,Samuel,CA,7/7/1945,(953) 637-4667,samuelmorris2@example.com,Govt-Id,5148659574.0,,,S65,,,3/17/2024 15:22,ZZ20240515AMDHYD2223,HK,EconomyClass,1,3,6,ZZ,2223,AMD,HYD,5/15/2024,5/15/2024 10:52,5/15/2024 19:30,5/15/2024 5:22,5/15/2024 14:00,2,2800
SBDE91,3/17/2024 15:22,NJO5727,Kidd,James,US,7/7/1945,(216) 820-6210,jameskidd3@example.com,Govt-Id,3693954101.0,,,S65,130290232.0,Platinum,3/17/2024 15:22,ZZ20240515AMDHYD2223,HK,EconomyClass,1,3,6,ZZ,2223,AMD,HYD,5/15/2024,5/15/2024 10:52,5/15/2024 19:30,5/15/2024 5:22,5/15/2024 14:00,2,4600
SBDE91,3/17/2024 15:22,WRA0593,Dyal,Jayesh,IN,10/3/1947,(724) 249-9427,jayeshdyal4@example.com,Driving License,231274000000.0,NRPS,,S65,,,3/17/2024 15:22,ZZ20240515AMDHYD2223,HK,EconomyClass,1,3,6,ZZ,2223,AMD,HYD,5/15/2024,5/15/2024 10:52,5/15/2024 19:30,5/15/2024 5:22,5/15/2024 14:00,2,3000
SBDE91,3/17/2024 15:22,QFF7534,Garcia,Alexandra,CA,9/15/1972,(744) 839-5788,alexandragarcia5@example.com,Driving License,163382000000.0,NRPS,,ADT,1775557119.0,Silver,3/17/2024 15:22,ZZ20240515AMDHYD2223,HK,EconomyClass,1,3,6,ZZ,2223,AMD,HYD,5/15/2024,5/15/2024 10:52,5/15/2024 19:30,5/15/2024 5:22,5/15/2024 14:00,2,4700
SBDE91,3/17/2024 15:22,GWP4929,Hayer,Yasmin,IN,9/14/1943,(356) 530-7944,yasminhayer6@example.com,Passport,286986614.0,,,S65,,,3/17/2024 15:22,ZZ20240515AMDHYD2223,HK,EconomyClass,1,3,6,ZZ,2223,AMD,HYD,5/15/2024,5/15/2024 10:52,5/15/2024 19:30,5/15/2024 5:22,5/15/2024 14:00,2,2800
VZLN11,3/17/2024 15:22,JYZ0862,Dash,Lakshay,IN,11/24/1939,(112) 895-2115,lakshaydash1@example.com,Govt-Id,3991938024.0,,,S65,,,3/17/2024 15:22,ZZ20240515AMDHYD2223,HK,EconomyClass,1,3,2,ZZ,2223,AMD,HYD,5/15/2024,5/15/2024 10:52,5/15/2024 19:30,5/15/2024 5:22,5/15/2024 14:00,2,2400
VZLN11,3/17/2024 15:22,NOO7909,Martin,Emily,US,2/14/1990,(555) 492-9271,emilymartin2@example.com,Govt-Id,1126958801.0,NRSA,,ADT,,,3/17/2024 15:22,ZZ20240515AMDHYD2223,HK,EconomyClass,1,3,2,ZZ,2223,AMD,HYD,5/15/2024,5/15/2024 10:52,5/15/2024 19:30,5/15/2024 5:22,5/15/2024 14:00,2,2800
VGLW55,3/17/2024 15:22,GNB4853,Lee,Matthew,US,11/15/1997,(779) 586-8264,matthewlee1@example.com,Govt-Id,2564157190.0,,,ADT,261145944.0,Platinum,3/17/2024 15:22,ZZ20240515AMDHYD2223,HK,EconomyClass,1,2,7,ZZ,2223,AMD,HYD,5/15/2024,5/15/2024 10:52,5/15/2024 19:30,5/15/2024 5:22,5/15/2024 14:00,1,4800
VGLW55,3/17/2024 15:22,YKI4392,Sinha,Hrishita,IN,4/1/1993,(721) 662-2513,hrishitasinha2@example.com,Passport,714267887.0,NRPS,,ADT,6002518829.0,Silver,3/17/2024 15:22,ZZ20240515AMDHYD2223,HK,EconomyClass,1,2,7,ZZ,2223,AMD,HYD,5/15/2024,5/15/2024 10:52,5/15/2024 19:30,5/15/2024 5:22,5/15/2024 14:00,1,4700
VGLW55,3/17/2024 15:22,COL7935,King,Alan,CA,10/16/2003,(119) 865-1287,alanking3@example.com,Govt-Id,5621022952.0,,,ADT,,,3/17/2024 15:22,ZZ20240515AMDHYD2223,HK,EconomyClass,1,2,7,ZZ,2223,AMD,HYD,5/15/2024,5/15/2024 10:52,5/15/2024 19:30,5/15/2024 5:22,5/15/2024 14:00,1,3000
VGLW55,3/17/2024 15:22,AJB6107,Moore,Jason,US,1/16/1996,(356) 622-6585,jasonmoore4@example.com,Govt-Id,9613718167.0,,,ADT,5904856629.0,Platinum,3/17/2024 15:22,ZZ20240515AMDHYD2223,HK,EconomyClass,1,2,7,ZZ,2223,AMD,HYD,5/15/2024,5/15/2024 10:52,5/15/2024 19:30,5/15/2024 5:22,5/15/2024 14:00,1,4800
VGLW55,3/17/2024 15:22,GZR4641,Gopal,Zaina,IN,8/18/1939,(477) 596-1469,zainagopal5@example.com,Govt-Id,3323843940.0,,,S65,4695857358.0,Platinum,3/17/2024 15:22,ZZ20240515AMDHYD2223,HK,EconomyClass,1,2,7,ZZ,2223,AMD,HYD,5/15/2024,5/15/2024 10:52,5/15/2024 19:30,5/15/2024 5:22,5/15/2024 14:00,1,4600
VGLW55,3/17/2024 15:22,PTX4588,Mitchell,Joseph,CA,8/31/1933,(481) 173-9808,josephmitchell6@example.com,Passport,187342398.0,,,S65,88504409.0,Platinum,3/17/2024 15:22,ZZ20240515AMDHYD2223,HK,EconomyClass,1,2,7,ZZ,2223,AMD,HYD,5/15/2024,5/15/2024 10:52,5/15/2024 19:30,5/15/2024 5:22,5/15/2024 14:00,1,4600
VGLW55,3/17/2024 15:22,KGD2181,Dubey,Vanya,IN,1/16/1996,(966) 572-5432,vanyadubey7@example.com,Govt-Id,1413007850.0,,,ADT,,,3/17/2024 15:22,ZZ20240515AMDHYD2223,HK,EconomyClass,1,2,7,ZZ,2223,AMD,HYD,5/15/2024,5/15/2024 10:52,5/15/2024 19:30,5/15/2024 5:22,5/15/2024 14:00,1,3000
ZKDX82,3/17/2024 15:22,NQX2486,Moore,James,US,10/31/1944,(756) 288-6391,jamesmoore1@example.com,Passport,275829139.0,,,S65,,,3/17/2024 15:22,ZZ20240515AMDHYD2223,HK,EconomyClass,1,2,8,ZZ,2223,AMD,HYD,5/15/2024,5/15/2024 10:52,5/15/2024 19:30,5/15/2024 5:22,5/15/2024 14:00,1,2900
ZKDX82,3/17/2024 15:22,IAO7227,Sagar,Raghav,IN,9/11/1943,(360) 876-9041,raghavsagar2@example.com,Passport,591827430.0,,,S65,,,3/17/2024 15:22,ZZ20240515AMDHYD2223,HK,EconomyClass,1,2,8,ZZ,2223,AMD,HYD,5/15/2024,5/15/2024 10:52,5/15/2024 19:30,5/15/2024 5:22,5/15/2024 14:00,1,2900
ZKDX82,3/17/2024 15:22,QOV0374,Meza,Pamela,CA,9/4/1951,(526) 249-7962,pamelameza3@example.com,Passport,705576526.0,,,S65,7147574997.0,Gold,3/17/2024 15:22,ZZ20240515AMDHYD2223,HK,EconomyClass,1,2,8,ZZ,2223,AMD,HYD,5/15/2024,5/15/2024 10:52,5/15/2024 19:30,5/15/2024 5:22,5/15/2024 14:00,1,4500
ZKDX82,3/17/2024 15:22,VVD8279,Taylor,Susan,US,4/2/1997,(165) 545-2628,susantaylor4@example.com,Driving License,711092000000.0,,,ADT,,,3/17/2024 15:22,ZZ20240515AMDHYD2223,HK,EconomyClass,1,2,8,ZZ,2223,AMD,HYD,5/15/2024,5/15/2024 10:52,5/15/2024 19:30,5/15/2024 5:22,5/15/2024 14:00,1,3100
ZKDX82,3/17/2024 15:22,EBS7471,Knight,Melissa,US,8/13/1983,(285) 294-9301,melissaknight5@example.com,Passport,842266395.0,,,ADT,,,3/17/2024 15:22,ZZ20240515AMDHYD2223,HK,EconomyClass,1,2,8,ZZ,2223,AMD,HYD,5/15/2024,5/15/2024 10:52,5/15/2024 19:30,5/15/2024 5:22,5/15/2024 14:00,1,3100
ZKDX82,3/17/2024 15:22,DAC9048,Buch,Sumer,IN,2/5/1965,(564) 195-7525,sumerbuch6@example.com,Passport,790871354.0,,,ADT,,,3/17/2024 15:22,ZZ20240515AMDHYD2223,HK,EconomyClass,1,2,8,ZZ,2223,AMD,HYD,5/15/2024,5/15/2024 10:52,5/15/2024 19:30,5/15/2024 5:22,5/15/2024 14:00,1,3100
ZKDX82,3/17/2024 15:22,ZDT0298,Lowery,Holly,US,10/28/2000,(956) 371-3551,hollylowery7@example.com,Passport,59872637.0,NRSA,,ADT,6843145870.0,Silver,3/17/2024 15:22,ZZ20240515AMDHYD2223,HK,EconomyClass,1,2,8,ZZ,2223,AMD,HYD,5/15/2024,5/15/2024 10:52,5/15/2024 19:30,5/15/2024 5:22,5/15/2024 14:00,1,4800
ZKDX82,3/17/2024 15:22,RGH7613,Kuruvilla,Tarini,IN,4/18/2012,(715) 371-4415,tarinikuruvilla8@example.com,Passport,54264259.0,,,CHD,8977386900.0,Gold,3/17/2024 15:22,ZZ20240515AMDHYD2223,HK,EconomyClass,1,2,8,ZZ,2223,AMD,HYD,5/15/2024,5/15/2024 10:52,5/15/2024 19:30,5/15/2024 5:22,5/15/2024 14:00,1,4500
OAMF36,3/17/2024 15:22,WSU4023,Coffey,Dylan,US,10/3/2000,(845) 874-5477,dylancoffey1@example.com,Govt-Id,4033546571.0,NRSA,,ADT,2051994218.0,Gold,3/17/2024 15:22,ZZ20240515AMDHYD2223,HK,EconomyClass,1,3,8,ZZ,2223,AMD,HYD,5/15/2024,5/15/2024 10:52,5/15/2024 19:30,5/15/2024 5:22,5/15/2024 14:00,2,5000
OAMF36,3/17/2024 15:22,YJM4955,Greene,Sean,US,12/11/1980,(375) 205-4346,seangreene2@example.com,Driving License,918988000000.0,,,ADT,,,3/17/2024 15:22,ZZ20240515AMDHYD2223,HK,EconomyClass,1,3,8,ZZ,2223,AMD,HYD,5/15/2024,5/15/2024 10:52,5/15/2024 19:30,5/15/2024 5:22,5/15/2024 14:00,2,3200
OAMF36,3/17/2024 15:22,ULP2325,Handa,Kiara,IN,5/17/2010,(269) 715-6645,kiarahanda3@example.com,Passport,779625000000.0,,,CHD,,,3/17/2024 15:22,ZZ20240515AMDHYD2223,HK,EconomyClass,1,3,8,ZZ,2223,AMD,HYD,5/15/2024,5/15/2024 10:52,5/15/2024 19:30,5/15/2024 5:22,5/15/2024 14:00,2,3000
OAMF36,3/17/2024 15:22,VVB1880,Richardson,Jerry,US,10/7/2016,(523) 895-4515,jerryrichardson4@example.com,Passport,520126000000.0,,,CHD,304005563.0,Silver,3/17/2024 15:22,ZZ20240515AMDHYD2223,HK,EconomyClass,1,3,8,ZZ,2223,AMD,HYD,5/15/2024,5/15/2024 10:52,5/15/2024 19:30,5/15/2024 5:22,5/15/2024 14:00,2,4500
OAMF36,3/17/2024 15:22,DLN0891,Harper,Pamela,CA,4/21/1995,(677) 861-3988,pamelaharper5@example.com,Driving License,693600000000.0,,,ADT,3889290631.0,Platinum,3/17/2024 15:22,ZZ20240515AMDHYD2223,HK,EconomyClass,1,3,8,ZZ,2223,AMD,HYD,5/15/2024,5/15/2024 10:52,5/15/2024 19:30,5/15/2024 5:22,5/15/2024 14:00,2,5000
OAMF36,3/17/2024 15:22,YZX1228,Sullivan,Diane,US,11/4/1970,(129) 503-3182,dianesullivan6@example.com,Govt-Id,9505855228.0,,,ADT,7577427207.0,Silver,3/17/2024 15:22,ZZ20240515AMDHYD2223,HK,EconomyClass,1,3,8,ZZ,2223,AMD,HYD,5/15/2024,5/15/2024 10:52,5/15/2024 19:30,5/15/2024 5:22,5/15/2024 14:00,2,4700
OAMF36,3/17/2024 15:22,YXZ1286,Basu,Zoya,IN,8/20/2021,(691) 655-9207,zoyabasu7@example.com,Govt-Id,6011691130.0,NRPS,,INF,5877776484.0,Gold,3/17/2024 15:22,ZZ20240515AMDHYD2223,HK,EconomyClass,1,3,8,ZZ,2223,AMD,HYD,5/15/2024,5/15/2024 10:52,5/15/2024 19:30,5/15/2024 5:22,5/15/2024 14:00,2,5000
OAMF36,3/17/2024 15:22,KIX6381,Lawson,Peter,US,5/28/1940,(238) 338-9104,peterlawson8@example.com,Govt-Id,5627482722.0,,,S65,8112497666.0,Silver,3/17/2024 15:22,ZZ20240515AMDHYD2223,HK,EconomyClass,1,3,8,ZZ,2223,AMD,HYD,5/15/2024,5/15/2024 10:52,5/15/2024 19:30,5/15/2024 5:22,5/15/2024 14:00,2,4500
ZCIT30,3/17/2024 15:22,OHO8848,Schroeder,Amanda,US,8/12/1987,(288) 645-1100,amandaschroeder1@example.com,Govt-Id,1668302148.0,,,ADT,2968216526.0,Gold,3/17/2024 15:22,ZZ20240515AMDHYD2223,HK,EconomyClass,1,1,7,ZZ,2223,AMD,HYD,5/15/2024,5/15/2024 10:52,5/15/2024 19:30,5/15/2024 5:22,5/15/2024 14:00,0,4500
ZCIT30,3/17/2024 15:22,MWZ8969,Holloway,Miguel,US,8/12/1987,(496) 477-3595,miguelholloway2@example.com,Driving License,417272000000.0,,,ADT,4445531471.0,Gold,3/17/2024 15:22,ZZ20240515AMDHYD2223,HK,EconomyClass,1,1,7,ZZ,2223,AMD,HYD,5/15/2024,5/15/2024 10:52,5/15/2024 19:30,5/15/2024 5:22,5/15/2024 14:00,0,4500
ZCIT30,3/17/2024 15:22,VBR8006,Johnson,Jacob,CA,6/12/2004,(883) 669-9258,jacobjohnson3@example.com,Passport,312694012.0,,BLND,ADT,8542723556.0,Gold,3/17/2024 15:22,ZZ20240515AMDHYD2223,HK,EconomyClass,1,1,7,ZZ,2223,AMD,HYD,5/15/2024,5/15/2024 10:52,5/15/2024 19:30,5/15/2024 5:22,5/15/2024 14:00,0,4700
ZCIT30,3/17/2024 15:22,QLC0978,Zhang,Amanda,US,6/8/1992,(512) 742-2911,amandazhang4@example.com,Driving License,353847000000.0,,,ADT,744211351.0,Gold,3/17/2024 15:22,ZZ20240515AMDHYD2223,HK,EconomyClass,1,1,7,ZZ,2223,AMD,HYD,5/15/2024,5/15/2024 10:52,5/15/2024 19:30,5/15/2024 5:22,5/15/2024 14:00,0,4500
ZCIT30,3/17/2024 15:22,ODK7964,Alexander,Gregory,CA,5/1/2008,(290) 992-7726,gregoryalexander5@example.com,Passport,460580056.0,,,CHD,,,3/17/2024 15:22,ZZ20240515AMDHYD2223,HK,EconomyClass,1,1,7,ZZ,2223,AMD,HYD,5/15/2024,5/15/2024 10:52,5/15/2024 19:30,5/15/2024 5:22,5/15/2024 14:00,0,2700
ZCIT30,3/17/2024 15:22,ZOK2661,Batta,Himmat,IN,6/4/1956,(741) 532-8457,himmatbatta6@example.com,Driving License,346605000000.0,,,S65,,,3/17/2024 15:22,ZZ20240515AMDHYD2223,HK,EconomyClass,1,1,7,ZZ,2223,AMD,HYD,5/15/2024,5/15/2024 10:52,5/15/2024 19:30,5/15/2024 5:22,5/15/2024 14:00,0,2700
ZCIT30,3/17/2024 15:22,QTB3511,Majumdar,Ojas,IN,1/5/1949,(884) 695-4032,ojasmajumdar7@example.com,Passport,219841480.0,,,S65,2162579944.0,Gold,3/17/2024 15:22,ZZ20240515AMDHYD2223,HK,EconomyClass,1,1,7,ZZ,2223,AMD,HYD,5/15/2024,5/15/2024 10:52,5/15/2024 19:30,5/15/2024 5:22,5/15/2024 14:00,0,4300
MTEW64,3/17/2024 15:22,XCL5201,Davis,Jacqueline,CA,3/31/2011,(339) 608-3649,jacquelinedavis1@example.com,Passport,417511526.0,,,CHD,1670619276.0,Silver,3/17/2024 15:22,ZZ20240515AMDHYD2223,HK,EconomyClass,1,2,5,ZZ,2223,AMD,HYD,5/15/2024,5/15/2024 10:52,5/15/2024 19:30,5/15/2024 5:22,5/15/2024 14:00,1,4100
MTEW64,3/17/2024 15:22,YLF7495,Nicholson,Charles,CA,4/10/2009,(197) 705-4810,charlesnicholson2@example.com,Passport,906972172.0,NRSA,BLND,CHD,7034762527.0,Gold,3/17/2024 15:22,ZZ20240515AMDHYD2223,HK,EconomyClass,1,2,5,ZZ,2223,AMD,HYD,5/15/2024,5/15/2024 10:52,5/15/2024 19:30,5/15/2024 5:22,5/15/2024 14:00,1,4600
MTEW64,3/17/2024 15:22,ZGQ2129,Wadhwa,Piya,IN,4/16/2010,(213) 501-2267,piyawadhwa3@example.com,Govt-Id,2631345818.0,,BLND,CHD,,,3/17/2024 15:22,ZZ20240515AMDHYD2223,HK,EconomyClass,1,2,5,ZZ,2223,AMD,HYD,5/15/2024,5/15/2024 10:52,5/15/2024 19:30,5/15/2024 5:22,5/15/2024 14:00,1,2800
MTEW64,3/17/2024 15:22,NER3460,Washington,Ashley,CA,7/7/1982,(270) 329-5610,ashleywashington4@example.com,Driving License,439122000000.0,,,ADT,2084377242.0,Platinum,3/17/2024 15:22,ZZ20240515AMDHYD2223,HK,EconomyClass,1,2,5,ZZ,2223,AMD,HYD,5/15/2024,5/15/2024 10:52,5/15/2024 19:30,5/15/2024 5:22,5/15/2024 14:00,1,4600
MTEW64,3/17/2024 15:22,RLU2779,Williams,Lisa,CA,5/13/2012,(848) 754-3086,lisawilliams5@example.com,Govt-Id,130537397.0,,,CHD,8272657337.0,Silver,3/17/2024 15:22,ZZ20240515AMDHYD2223,HK,EconomyClass,1,2,5,ZZ,2223,AMD,HYD,5/15/2024,5/15/2024 10:52,5/15/2024 19:30,5/15/2024 5:22,5/15/2024 14:00,1,4100
VDKD74,3/17/2024 15:22,TWF6876,Walla,Shlok,IN,2/18/1999,(599) 445-9019,shlokwalla1@example.com,Govt-Id,6873525445.0,,,ADT,5373729515.0,Silver,3/17/2024 15:22,ZZ20240515AMDHYD2223,HK,EconomyClass,1,4,6,ZZ,2223,AMD,HYD,5/15/2024,5/15/2024 10:52,5/15/2024 19:30,5/15/2024 5:22,5/15/2024 14:00,3,4600
VDKD74,3/17/2024 15:22,HGT6065,Simpson,Jason,CA,4/16/1955,(241) 432-2564,jasonsimpson2@example.com,Driving License,205706000000.0,,,S65,4594822408.0,Gold,3/17/2024 15:22,ZZ20240515AMDHYD2223,HK,EconomyClass,1,4,6,ZZ,2223,AMD,HYD,5/15/2024,5/15/2024 10:52,5/15/2024 19:30,5/15/2024 5:22,5/15/2024 14:00,3,4500
VDKD74,3/17/2024 15:22,ONG4418,Rege,Renee,IN,7/20/1937,(634) 744-8697,reneerege3@example.com,Govt-Id,1148020674.0,,,S65,,,3/17/2024 15:22,ZZ20240515AMDHYD2223,HK,EconomyClass,1,4,6,ZZ,2223,AMD,HYD,5/15/2024,5/15/2024 10:52,5/15/2024 19:30,5/15/2024 5:22,5/15/2024 14:00,3,2900
VDKD74,3/17/2024 15:22,OOZ5431,Vincent,Nathan,US,2/9/1964,(985) 765-3692,nathanvincent4@example.com,Driving License,505615000000.0,NRSA,WCHR,ADT,7421518958.0,Platinum,3/17/2024 15:22,ZZ20240515AMDHYD2223,HK,EconomyClass,1,4,6,ZZ,2223,AMD,HYD,5/15/2024,5/15/2024 10:52,5/15/2024 19:30,5/15/2024 5:22,5/15/2024 14:00,3,5300
VDKD74,3/17/2024 15:22,DIC9026,Miranda,Larry,CA,7/19/1943,(706) 600-2045,larrymiranda5@example.com,Passport,544895885.0,,,S65,6973102654.0,Gold,3/17/2024 15:22,ZZ20240515AMDHYD2223,HK,EconomyClass,1,4,6,ZZ,2223,AMD,HYD,5/15/2024,5/15/2024 10:52,5/15/2024 19:30,5/15/2024 5:22,5/15/2024 14:00,3,4500
VDKD74,3/17/2024 15:22,YZG7105,Sandhu,Zoya,IN,12/9/1989,(489) 750-7742,zoyasandhu6@example.com,Govt-Id,5790847060.0,,,ADT,9951096142.0,Silver,3/17/2024 15:22,ZZ20240515AMDHYD2223,HK,EconomyClass,1,4,6,ZZ,2223,AMD,HYD,5/15/2024,5/15/2024 10:52,5/15/2024 19:30,5/15/2024 5:22,5/15/2024 14:00,3,4600
JOHY71,3/17/2024 15:22,ETQ1844,Dewan,Farhan,IN,7/31/1981,(810) 990-4728,farhandewan1@example.com,Passport,189923054.0,,,ADT,4671968717.0,Gold,3/17/2024 15:22,ZZ20240515AMDHYD2223,HK,EconomyClass,1,1,6,ZZ,2223,AMD,HYD,5/15/2024,5/15/2024 10:52,5/15/2024 19:30,5/15/2024 5:22,5/15/2024 14:00,0,4400
JOHY71,3/17/2024 15:22,MAH6776,Horton,Thomas,CA,4/24/1983,(756) 568-8437,thomashorton2@example.com,Govt-Id,5965417092.0,NRPS,,ADT,9419655584.0,Gold,3/17/2024 15:22,ZZ20240515AMDHYD2223,HK,EconomyClass,1,1,6,ZZ,2223,AMD,HYD,5/15/2024,5/15/2024 10:52,5/15/2024 19:30,5/15/2024 5:22,5/15/2024 14:00,0,4600
JOHY71,3/17/2024 15:22,UIW6890,Rodgers,Ethan,CA,9/20/1944,(947) 954-7950,ethanrodgers3@example.com,Driving License,595605000000.0,NRPS,,S65,,,3/17/2024 15:22,ZZ20240515AMDHYD2223,HK,EconomyClass,1,1,6,ZZ,2223,AMD,HYD,5/15/2024,5/15/2024 10:52,5/15/2024 19:30,5/15/2024 5:22,5/15/2024 14:00,0,2800
JOHY71,3/17/2024 15:22,CBS1315,Anderson,Kimberly,US,4/17/1955,(824) 701-9243,kimberlyanderson4@example.com,Driving License,3805800334.0,,,S65,,,3/17/2024 15:22,ZZ20240515AMDHYD2223,HK,EconomyClass,1,1,6,ZZ,2223,AMD,HYD,5/15/2024,5/15/2024 10:52,5/15/2024 19:30,5/15/2024 5:22,5/15/2024 14:00,0,2600
JOHY71,3/17/2024 15:22,UET8162,Day,Luis,CA,2/13/2015,(303) 510-3787,luisday5@example.com,Passport,905669064.0,,,CHD,,,3/17/2024 15:22,ZZ20240515AMDHYD2223,HK,EconomyClass,1,1,6,ZZ,2223,AMD,HYD,5/15/2024,5/15/2024 10:52,5/15/2024 19:30,5/15/2024 5:22,5/15/2024 14:00,0,2600
JOHY71,3/17/2024 15:22,HVY0521,Bassi,Rasha,IN,8/31/1965,(443) 592-3875,rashabassi6@example.com,Driving License,130685000000.0,,,ADT,,,3/17/2024 15:22,ZZ20240515AMDHYD2223,HK,EconomyClass,1,1,6,ZZ,2223,AMD,HYD,5/15/2024,5/15/2024 10:52,5/15/2024 19:30,5/15/2024 5:22,5/15/2024 14:00,0,2800
CPFT27,3/17/2024 15:22,NFM0236,Jones,Frank,CA,11/10/1969,(601) 963-8684,frankjones1@example.com,Driving License,486077000000.0,,,ADT,,,3/17/2024 15:22,ZZ20240515AMDHYD2223,HK,EconomyClass,1,4,3,ZZ,2223,AMD,HYD,5/15/2024,5/15/2024 10:52,5/15/2024 19:30,5/15/2024 5:22,5/15/2024 14:00,3,2800
CPFT27,3/17/2024 15:22,TOB2787,Gomez,Melissa,CA,4/5/2009,(826) 178-1659,melissagomez2@example.com,Passport,679987000000.0,,,CHD,6639946978.0,Gold,3/17/2024 15:22,ZZ20240515AMDHYD2223,HK,EconomyClass,1,4,3,ZZ,2223,AMD,HYD,5/15/2024,5/15/2024 10:52,5/15/2024 19:30,5/15/2024 5:22,5/15/2024 14:00,3,4200
CPFT27,3/17/2024 15:22,YDX7612,Dalal,Vivaan,IN,12/25/1959,(554) 484-1563,vivaandalal3@example.com,Govt-Id,9916326219.0,,WCHR,S65,5294099434.0,Gold,3/17/2024 15:22,ZZ20240515AMDHYD2223,HK,EconomyClass,1,4,3,ZZ,2223,AMD,HYD,5/15/2024,5/15/2024 10:52,5/15/2024 19:30,5/15/2024 5:22,5/15/2024 14:00,3,4400
FBZF16,3/17/2024 15:22,ZAS5722,Rau,Priyansh,IN,3/2/1963,(371) 936-3073,priyanshrau1@example.com,Passport,666159362.0,,,S65,,,3/17/2024 15:22,ZZ20240515AMDHYD2223,HK,EconomyClass,1,1,1,ZZ,2223,AMD,HYD,5/15/2024,5/15/2024 10:52,5/15/2024 19:30,5/15/2024 5:22,5/15/2024 14:00,0,1500
NPHN40,3/17/2024 15:22,TGE9567,Jhaveri,Reyansh,IN,2/8/1977,(582) 695-8207,reyanshjhaveri1@example.com,Driving License,884799000000.0,,,ADT,3110031830.0,Platinum,3/17/2024 15:22,ZZ20240515AMDHYD2223,HK,EconomyClass,1,4,1,ZZ,2223,AMD,HYD,5/15/2024,5/15/2024 10:52,5/15/2024 19:30,5/15/2024 5:22,5/15/2024 14:00,3,3800
